"artists","name","apple_music_player_url","header_image_thumbnail_url","url"
"Bad Bunny","Dakiti","https://genius.com/songs/6100181/apple_music_player","https://images.genius.com/05cbeb3b5492dd0684c043359f82136a.300x169x1.jpg","https://genius.com/Bad-bunny-and-jhay-cortez-dakiti-lyrics"
"BTS","Dynamite","https://genius.com/songs/5833120/apple_music_player","https://images.genius.com/9b91dba31476a19f9ed49edf737f1c21.300x100x1.png","https://genius.com/Genius-turkce-ceviri-bts-dynamite-turkce-ceviri-lyrics"
"Ariana Grande","positions","https://genius.com/songs/6068618/apple_music_player","https://images.genius.com/c245bf620fd06dd5b8d14216bab39e81.300x169x1.jpg","https://genius.com/Ariana-grande-positions-lyrics"
"Pop Smoke","What You Know Bout Love","https://genius.com/songs/5561448/apple_music_player","https://images.genius.com/0324a12198af1188460bac355b472c68.300x300x1.png","https://genius.com/Pop-smoke-what-you-know-bout-love-lyrics"
"The Weeknd","Blinding Lights","https://genius.com/songs/5049949/apple_music_player","https://images.genius.com/81fbce075be16974b07468b71333f99e.300x300x1.jpg","https://genius.com/The-weeknd-blinding-lights-lyrics"
"Tate McRae","you broke me first","https://genius.com/songs/5453929/apple_music_player","https://images.genius.com/17689c5b8052a48ee82f1ffe8175d538.300x300x1.jpg","https://genius.com/Tate-mcrae-you-broke-me-first-lyrics"
"Harry Styles","Watermelon Sugar","https://genius.com/songs/5007939/apple_music_player","https://images.genius.com/55a8f43c165fe3dd6db98f8e0a28cf3e.300x300x1.png","https://genius.com/Harry-styles-watermelon-sugar-lyrics"
"Bad Bunny","Dakiti","https://genius.com/songs/6100181/apple_music_player","https://images.genius.com/05cbeb3b5492dd0684c043359f82136a.300x169x1.jpg","https://genius.com/Bad-bunny-and-jhay-cortez-dakiti-lyrics"
"BTS","Dynamite","https://genius.com/songs/5833120/apple_music_player","https://images.genius.com/9b91dba31476a19f9ed49edf737f1c21.300x100x1.png","https://genius.com/Genius-turkce-ceviri-bts-dynamite-turkce-ceviri-lyrics"
"Ariana Grande","positions","https://genius.com/songs/6068618/apple_music_player","https://images.genius.com/c245bf620fd06dd5b8d14216bab39e81.300x169x1.jpg","https://genius.com/Ariana-grande-positions-lyrics"
"Pop Smoke","What You Know Bout Love","https://genius.com/songs/5561448/apple_music_player","https://images.genius.com/0324a12198af1188460bac355b472c68.300x300x1.png","https://genius.com/Pop-smoke-what-you-know-bout-love-lyrics"
"The Weeknd","Blinding Lights","https://genius.com/songs/5049949/apple_music_player","https://images.genius.com/81fbce075be16974b07468b71333f99e.300x300x1.jpg","https://genius.com/The-weeknd-blinding-lights-lyrics"
"Tate McRae","you broke me first","https://genius.com/songs/5453929/apple_music_player","https://images.genius.com/17689c5b8052a48ee82f1ffe8175d538.300x300x1.jpg","https://genius.com/Tate-mcrae-you-broke-me-first-lyrics"
"Harry Styles","Watermelon Sugar","https://genius.com/songs/5007939/apple_music_player","https://images.genius.com/55a8f43c165fe3dd6db98f8e0a28cf3e.300x300x1.png","https://genius.com/Harry-styles-watermelon-sugar-lyrics"
"Internet Money","Lemonade","https://genius.com/songs/5670872/apple_music_player","https://images.genius.com/d9e19464497870c05fac06ca2fc1e915.300x300x1.png","https://genius.com/Internet-money-lemonade-lyrics"
"Sech","Relación - Remix","https://genius.com/songs/5743232/apple_music_player","https://images.genius.com/a98f940ca98e1ced6aa56ce7b99762ad.300x300x1.jpg","https://genius.com/Sech-daddy-yankee-and-j-balvin-relacion-remix-lyrics"
"Conan Gray","Heather","https://genius.com/songs/5160928/apple_music_player","https://images.genius.com/421e480ec752de741ba5ae90d381181a.300x169x1.jpg","https://genius.com/Conan-gray-heather-lyrics"
"Ritt Momney","Put Your Records On","https://genius.com/songs/5503145/apple_music_player","https://images.genius.com/a55707fbf2a231fbab1fe3f19d98aa52.300x300x1.jpg","https://genius.com/Ritt-momney-put-your-records-on-lyrics"
"Billie Eilish","Therefore I Am","https://genius.com/songs/6151003/apple_music_player","https://images.genius.com/b374f9c234d56b1e5acef0bc94db9d6c.300x300x1.png","https://genius.com/Billie-eilish-therefore-i-am-lyrics"
"Topic","Breaking Me","https://genius.com/songs/5115042/apple_music_player","https://images.genius.com/a9430dd0a962ae358a6a893dcb52157a.300x300x1.jpg","https://genius.com/Topic-breaking-me-lyrics"
"Ariana Grande","34+35","https://genius.com/songs/6071429/apple_music_player","https://images.genius.com/5fcd6a3fa11375296cb3ed04f44c109c.300x300x1.jpg","https://genius.com/Ariana-grande-34-35-lyrics"
"Shawn Mendes","Wonder","https://genius.com/songs/6001999/apple_music_player","https://images.genius.com/9f5e0cedf0ac5fca55d42b868b90edc8.300x300x1.png","https://genius.com/Shawn-mendes-wonder-lyrics"
"Jason Derulo","Take You Dancing","https://genius.com/songs/5772352/apple_music_player","https://images.genius.com/f74966245fe023b5308afb6a04a5e710.300x300x1.jpg","https://genius.com/Jason-derulo-take-you-dancing-lyrics"
"Maluma","Hawái","https://genius.com/songs/5814334/apple_music_player","https://images.genius.com/bd4e7f53588eb70998c1856735dc3373.300x300x1.jpg","https://genius.com/Genius-english-translations-maluma-hawai-english-translation-lyrics"
"Jay Wheeler","La Curiosidad","https://genius.com/songs/5435454/apple_music_player","https://images.genius.com/43fb9b9e8c7d81d033b5ad466665b15a.300x300x1.jpg","https://genius.com/Jay-wheeler-dj-nelson-and-myke-towers-la-curiosidad-lyrics"
"Manuel Turizo","La Nota","https://genius.com/songs/5815779/apple_music_player","https://images.genius.com/c6351a9701050d23f2474a6150bc5ae3.300x300x1.jpg","https://genius.com/Manuel-turizo-rauw-alejandro-and-myke-towers-la-nota-lyrics"
"Farruko","La Tóxica","https://genius.com/songs/5754397/apple_music_player","https://images.genius.com/3cdcf6c86d14e30c0deeef5b45fc9b2c.300x300x1.jpg","https://genius.com/Farruko-la-toxica-lyrics"
"Camilo","Vida de Rico","https://genius.com/songs/5984536/apple_music_player","https://images.genius.com/608c84404733710014880414c098315c.300x300x1.jpg","https://genius.com/Camilo-vida-de-rico-lyrics"
"Lewis Capaldi","Someone You Loved","https://genius.com/songs/4076367/apple_music_player","https://images.genius.com/8c8469a931074b33b66e03da088461e5.300x300x1.png","https://genius.com/Lewis-capaldi-someone-you-loved-lyrics"
"Miley Cyrus","Midnight Sky","https://genius.com/songs/5837391/apple_music_player","https://images.genius.com/88698abae0a5e564f8a827202397736e.300x300x1.png","https://genius.com/Miley-cyrus-midnight-sky-lyrics"
"Jawsh 685","Savage Love (Laxed - Siren Beat)","https://genius.com/songs/5871022/apple_music_player","https://assets.genius.com/images/default_cover_image.png?1608585704","https://genius.com/Eduardo-luzquinos-jason-derulo-jawsh-685-savage-love-laxed-siren-beat-future-house-remix-lyrics"
"KAROL G","Ay, DiOs Mío!","https://genius.com/songs/5751052/apple_music_player","https://images.genius.com/7f83ecb2db69dc750944e6fcda7c9126.300x300x1.jpg","https://genius.com/Karol-g-ay-dios-mio-lyrics"
"KAROL G","BICHOTA","https://genius.com/songs/6075765/apple_music_player","https://images.genius.com/4de460b66c8ae467a5c823791f6368a9.300x300x1.jpg","https://genius.com/Karol-g-bichota-lyrics"
"Ozuna","Una Locura","https://genius.com/songs/5929713/apple_music_player","https://images.genius.com/68f0f8253ac1a36573ec73cddbfbdb14.300x300x1.jpg","https://genius.com/Ozuna-j-balvin-and-chencho-corleone-una-locura-lyrics"
"Justin Quiles","Jeans","https://genius.com/songs/5855431/apple_music_player","https://images.genius.com/6c7aadc26ff71120c0fa053ec8d37720.300x300x1.png","https://genius.com/Justin-quiles-jeans-lyrics"
"Clairo","Sofia","https://genius.com/songs/4631315/apple_music_player","https://images.genius.com/dedbb4414dd46b0a4a61b842eb3f06a6.240x240x1.jpg","https://genius.com/Clairo-sofia-lyrics"
"Juice WRLD","Wishing Well","https://genius.com/songs/3703705/apple_music_player","https://images.genius.com/8830989510e788cf0c95721ec7706871.300x300x1.png","https://genius.com/Juice-wrld-wishing-well-lyrics"
"Juice WRLD","Come & Go (with Marshmello)","https://genius.com/songs/5110619/apple_music_player","https://images.genius.com/a13a61b9220c6e609be5d1168c95da8b.300x300x1.jpg","https://genius.com/Genius-july-2020-singles-release-calendar-annotated"
"Ashnikko","Daisy","https://genius.com/songs/4973384/apple_music_player","https://images.genius.com/ae3b683d66bff180d65d0192081bc504.300x300x1.jpg","https://genius.com/Ashnikko-daisy-lyrics"
"Powfu","death bed (coffee for your head)","https://genius.com/songs/6234984/apple_music_player","https://images.genius.com/4a22ef2e421fbc1ede1c73b19385af70.300x300x1.jpg","https://genius.com/Kevin-osmond-powfu-death-bed-coffee-for-your-head-kevin-osmond-remix-lyrics"
"Maluma","Hawái - Remix","https://genius.com/songs/6130751/apple_music_player","https://images.genius.com/232d8c31fba7182c3a0c3c7ba70fca18.300x300x1.png","https://genius.com/Maluma-and-the-weeknd-hawai-remix-lyrics"
"BTS","Life Goes On","https://genius.com/songs/5735070/apple_music_player","https://images.genius.com/d1f78ce6eb7244ae2a7436191bed3cba.300x169x1.png","https://genius.com/Tiktok-xmas-popular-transcriptions-annotated"
"Wisin","Mi Niña","https://genius.com/songs/5038276/apple_music_player","https://images.genius.com/98699efabee56ed1840c5d543cd78175.300x300x1.jpg","https://genius.com/Los-legendarios-myke-towers-and-wisin-mi-nina-lyrics"
"Juice WRLD","Lucid Dreams","https://genius.com/songs/3359190/apple_music_player","https://images.genius.com/55c3cc4ed3b236fddfed4d12fecb049a.300x169x1.jpg","https://genius.com/Juice-wrld-lucid-dreams-lyrics"
"Billie Eilish","lovely (with Khalid)","https://genius.com/songs/3866579/apple_music_player","https://images.genius.com/6eaaaee01d259cc5de85dfb274047253.300x201x1.jpg","https://genius.com/Charli-xcx-the-motherfucking-future-playlist-annotated"
"Post Malone","Circles","https://genius.com/songs/4759464/apple_music_player","https://images.genius.com/d89bfa02744ef691096746045ebd62a3.300x300x1.jpg","https://genius.com/Post-malone-circles-lyrics"
"Roddy Ricch","The Box","https://genius.com/songs/5068155/apple_music_player","https://images.genius.com/a677add54a632a402bb67218f5a66adb.300x169x1.jpg","https://genius.com/Roddy-ricch-the-box-lyrics"
"Harry Styles","Golden","https://genius.com/songs/5037340/apple_music_player","https://images.genius.com/fb72547e867326bb1eec97d11c7c05de.300x137x1.jpg","https://genius.com/Harry-styles-golden-lyrics"
"Maroon 5","Memories","https://genius.com/songs/439608/apple_music_player","https://images.genius.com/88fe34c47683a3c3b6e0f6c7554238b8.300x169x1.jpg","https://genius.com/Lana-del-rey-elvis-lyrics"
"Ariana Grande","pov","https://genius.com/songs/6094314/apple_music_player","https://images.genius.com/5fcd6a3fa11375296cb3ed04f44c109c.300x300x1.jpg","https://genius.com/Ariana-grande-pov-lyrics"
"Chris Brown","Go Crazy","https://genius.com/songs/5532594/apple_music_player","https://images.genius.com/d0617dbe625456f4ead2cdd00fcff3cb.300x300x1.jpg","https://genius.com/Chris-brown-and-young-thug-go-crazy-lyrics"
"Dua Lipa","Levitating (feat. DaBaby)","https://genius.com/songs/5139946/apple_music_player","https://images.genius.com/2220343ed17b2720140ef9a47419c446.300x300x1.jpg","https://genius.com/Alexanderjamesm-alexanderjamesms-2020-listening-log-annotated"
"Jerry Di","Mi Cuarto","https://genius.com/songs/5415864/apple_music_player","https://images.genius.com/e3f32159aeeff73d224c0dee8e2b1b84.300x300x1.jpg","https://genius.com/Jerry-di-mi-cuarto-lyrics"
"Maluma","Hawái","https://genius.com/songs/5814334/apple_music_player","https://images.genius.com/bd4e7f53588eb70998c1856735dc3373.300x300x1.jpg","https://genius.com/Genius-english-translations-maluma-hawai-english-translation-lyrics"
"Sebastian Yatra","Chica Ideal","https://genius.com/songs/6053408/apple_music_player","https://images.genius.com/123e1d80c84ad7c245ab33064e059318.300x300x1.jpg","https://genius.com/Sebastian-yatra-and-guaynaa-chica-ideal-lyrics"
"Mariah Carey","All I Want for Christmas Is You","https://genius.com/songs/204233/apple_music_player","https://images.genius.com/02fb73e32b87f264479cd1d08e614436.300x300x1.jpg","https://genius.com/Mariah-carey-all-i-want-for-christmas-is-you-lyrics"
"James Arthur","Train Wreck","https://genius.com/songs/2884999/apple_music_player","https://images.genius.com/13729bb57b591295a4f1f4bcb80ac41c.300x300x1.jpg","https://genius.com/James-arthur-train-wreck-lyrics"
"Juice WRLD","Robbery","https://genius.com/songs/3734871/apple_music_player","https://images.genius.com/d3bbe6f4e05f58bdc96dc2bf463cd4e7.300x300x1.jpg","https://genius.com/Juice-wrld-robbery-lyrics"
"Travis Scott","HIGHEST IN THE ROOM","https://genius.com/songs/4497172/apple_music_player","https://images.genius.com/a17ac4e073be8c1b49b446e17fa296bc.300x300x1.png","https://genius.com/Travis-scott-highest-in-the-room-lyrics"
"Harry Styles","Falling","https://genius.com/songs/5037838/apple_music_player","https://images.genius.com/7eaae87a75effd425aa57446afa8da9c.300x300x1.png","https://genius.com/Harry-styles-falling-lyrics"
"Harry Styles","Adore You","https://genius.com/songs/5037350/apple_music_player","https://images.genius.com/b43bc42bd45bb04c3a0ff97495890757.300x137x1.jpg","https://genius.com/Harry-styles-adore-you-lyrics"
"Billie Eilish","bad guy","https://genius.com/songs/4271772/apple_music_player","https://images.genius.com/340ad5b2b1163aa2333a8efc0815b84f.300x300x1.jpg","https://genius.com/Billie-eilish-bad-guy-lyrics"
"Surf Mesa","ily (i love you baby) (feat. Emilee)","https://genius.com/songs/5309735/apple_music_player","https://images.genius.com/cf64cc2535d6c6adc3e0cb8af21c4983.300x300x1.jpg","https://genius.com/Surf-mesa-ily-i-love-you-baby-lyrics"
"KAROL G","Tusa","https://genius.com/songs/5003322/apple_music_player","https://images.genius.com/635446a8b68d36675f334b9587505283.300x62x1.png","https://genius.com/Karol-g-and-nicki-minaj-tusa-lyrics"
"Jack Harlow","Tyler Herro","https://genius.com/songs/6082744/apple_music_player","https://images.genius.com/911a2c5488ffad88c15cac8bfcc35c89.300x300x1.png","https://genius.com/Jack-harlow-tyler-herro-lyrics"
"Machine Gun Kelly","my ex's best friend (with blackbear)","https://genius.com/songs/5841455/apple_music_player","https://images.genius.com/703b2113a4822707c42ffbbcea72f3e6.300x300x1.jpg","https://genius.com/Genius-farsi-translations-machine-gun-kelly-and-blackbear-my-exs-best-friend-lyrics"
"salem ilese","Mad at Disney","https://genius.com/songs/5715987/apple_music_player","https://images.genius.com/963a73ddb8e28aa450237162f01a9ff9.300x300x1.png","https://genius.com/Salem-ilese-mad-at-disney-lyrics"
"Fousheé","Deep End","https://genius.com/songs/5405887/apple_music_player","https://images.genius.com/af017e54e87a38defe3a730dd55d2ec2.300x300x1.jpg","https://genius.com/Sleepy-hallow-and-foushee-deep-end-freestyle-lyrics"
"Ozuna","Despeinada","https://genius.com/songs/6003357/apple_music_player","https://images.genius.com/386f61be8f905f4a16b1fc680ed67d57.300x169x1.jpg","https://genius.com/Ozuna-despeinada-living-room-acoustic-lyrics"
"The Neighbourhood","Sweater Weather","https://genius.com/songs/109177/apple_music_player","https://images.genius.com/e9120f25124c8512e06d5e634ae7db70.300x300x1.jpg","https://genius.com/The-neighbourhood-sweater-weather-lyrics"
"BØRNS","Electric Love","https://genius.com/songs/653661/apple_music_player","https://images.genius.com/80cc7766a00a12bd5b5ac5492de41ffb.300x300x1.jpg","https://genius.com/Brns-electric-love-lyrics"
"XXXTENTACION","Jocelyn Flores","https://genius.com/songs/3185661/apple_music_player","https://images.genius.com/3909b41f2c27e688e4caec3637cdba36.300x300x1.png","https://genius.com/Xxxtentacion-jocelyn-flores-lyrics"
"Imagine Dragons","Believer","https://genius.com/songs/2970719/apple_music_player","https://images.genius.com/86e0d33ebe09cafa4e686ad0f38dc3df.300x300x1.jpg","https://genius.com/Imagine-dragons-believer-lyrics"
"Juice WRLD","All Girls Are The Same","https://genius.com/songs/3389874/apple_music_player","https://images.genius.com/52db8e2db70f5f6829ddfce1a0b1baea.300x169x1.jpg","https://genius.com/Juice-wrld-all-girls-are-the-same-lyrics"
"Arizona Zervas","ROXANNE","https://genius.com/songs/4934901/apple_music_player","https://images.genius.com/c7fa9854b0124e726ddfb4cd69c72fea.300x300x1.png","https://genius.com/Arizona-zervas-roxanne-lyrics"
"Billie Eilish","everything i wanted","https://genius.com/songs/5013279/apple_music_player","https://images.genius.com/a092ac87ff77c4e0b827bf916ca239bb.300x300x1.jpg","https://genius.com/Billie-eilish-everything-i-wanted-lyrics"
"Ariana Grande","7 rings","https://genius.com/songs/4067762/apple_music_player","https://images.genius.com/39e41252985b10aa8cdcedffe97d1ff7.300x300x1.jpg","https://genius.com/Ariana-grande-7-rings-lyrics"
"Regard","Ride It","https://genius.com/songs/4729768/apple_music_player","https://images.genius.com/e6cb3bb727d22bb516ccae82044e5df5.300x300x1.jpg","https://genius.com/Regard-ride-it-lyrics"
"Polo G","Martin & Gina","https://genius.com/songs/5542009/apple_music_player","https://images.genius.com/a9285fc01f80d571c83fc38f91f10acf.300x300x1.png","https://genius.com/Polo-g-martin-and-gina-lyrics"
"Sam Smith","Diamonds","https://genius.com/songs/5926981/apple_music_player","https://images.genius.com/66d462c118094ab12908b4457a2b15fd.300x300x1.png","https://genius.com/Sam-smith-diamonds-lyrics"
"Shawn Mendes","Monster (Shawn Mendes & Justin Bieber)","https://genius.com/songs/6011804/apple_music_player","https://images.genius.com/f53aea062fe274b4f95f19d4d813799e.300x300x1.png","https://genius.com/Shawn-mendes-and-justin-bieber-monster-lyrics"
"Ava Max","Kings & Queens","https://genius.com/songs/5183065/apple_music_player","https://images.genius.com/c19b3be8738318003a941054e38d74dd.300x300x1.jpg","https://genius.com/Ava-max-kings-and-queens-lyrics"
"Nio Garcia","La Jeepeta - Remix","https://genius.com/songs/5295678/apple_music_player","https://images.genius.com/adda70dff976240480fc30a420db1f0f.300x300x1.jpg","https://genius.com/Nio-garcia-anuel-aa-and-myke-towers-la-jeepeta-remix-lyrics"
"Tiësto","The Business","https://genius.com/songs/5969304/apple_music_player","https://images.genius.com/0d989b9727223b8b8a10b1a83b229dc7.300x300x1.jpg","https://genius.com/Tiesto-the-business-lyrics"
"J Balvin","Azul","https://genius.com/songs/2939930/apple_music_player","https://images.genius.com/3414bb0209fc07a749edf5a1926e1b1c.300x300x1.jpg","https://genius.com/Kid-sun-amer-lyrics"
"Ozuna","Caramelo","https://genius.com/songs/5654484/apple_music_player","https://images.genius.com/0d617439829bf516a36a98018b162a8f.300x300x1.jpg","https://genius.com/Ozuna-caramelo-lyrics"
"John Legend","All of Me","https://genius.com/songs/200930/apple_music_player","https://images.genius.com/89b0beebc77975d451815aff2bb3d19e.300x300x1.jpg","https://genius.com/John-legend-all-of-me-lyrics"
"Ariana Grande","Santa Tell Me","https://genius.com/songs/590331/apple_music_player","https://images.genius.com/7d22404eff20f3b66da1a1c19e351428.300x300x1.jpg","https://genius.com/Ariana-grande-santa-tell-me-lyrics"
"The Neighbourhood","Daddy Issues","https://genius.com/songs/2290592/apple_music_player","https://images.genius.com/66284ba0d40c8c9de3603e74038af3d9.300x185x1.jpg","https://genius.com/The-neighbourhood-daddy-issues-lyrics"
"James Arthur","Say You Won't Let Go","https://genius.com/songs/2849861/apple_music_player","https://images.genius.com/a35fafdac4d20a26011d05e75db4bc48.300x198x1.jpg","https://genius.com/James-arthur-say-you-wont-let-go-lyrics"
"Ed Sheeran","Perfect","https://genius.com/songs/2953761/apple_music_player","https://images.genius.com/e3f8f8e64db64e0f9316365d8d247bf9.300x300x1.jpg","https://genius.com/Ed-sheeran-perfect-lyrics"
"XXXTENTACION","SAD!","https://genius.com/songs/3430186/apple_music_player","https://images.genius.com/8b673f80818e4cc1b975e8d8cd81344c.300x300x1.png","https://genius.com/Xxxtentacion-sad-lyrics"
"Post Malone","rockstar (feat. 21 Savage)","https://genius.com/songs/3318662/apple_music_player","https://images.genius.com/f46223759b85f1c19f8bffb92e090891.300x149x1.png","https://genius.com/Genius-users-musikalischer-jahresruckblick-2017-annotated"
"Trevor Daniel","Falling","https://genius.com/songs/3994241/apple_music_player","https://images.genius.com/3d23316724d8affdc1cb9010b115f065.300x300x1.jpg","https://genius.com/Trevor-daniel-falling-lyrics"
"Lil Peep","Star Shopping","https://genius.com/songs/2353006/apple_music_player","https://images.genius.com/2fb0c060f277b3a6e82d8671c0841724.300x300x1.jpg","https://genius.com/Lil-peep-star-shopping-lyrics"
"Billie Eilish","when the party's over","https://genius.com/songs/3484874/apple_music_player","https://images.genius.com/f927f56964f096245afbca14bd6482b5.300x300x1.jpg","https://genius.com/Billie-eilish-when-the-partys-over-lyrics"
"Labrinth","Still Don't Know My Name","https://genius.com/songs/4734175/apple_music_player","https://images.genius.com/47f17937b3ddb16840889d597bddfe3f.300x300x1.jpg","https://genius.com/Labrinth-still-dont-know-my-name-lyrics"
"Lewis Capaldi","Before You Go","https://genius.com/songs/4986655/apple_music_player","https://images.genius.com/d5efa65a65d6347f9f08b69ad972b03a.300x300x1.jpg","https://genius.com/Lewis-capaldi-before-you-go-lyrics"
"Doja Cat","Say So","https://genius.com/songs/4989524/apple_music_player","https://images.genius.com/776e3f38444a1efa7a7b9d37664d5854.300x300x1.png","https://genius.com/Doja-cat-say-so-lyrics"
"Lewis Capaldi","Before You Go","https://genius.com/songs/4986655/apple_music_player","https://images.genius.com/d5efa65a65d6347f9f08b69ad972b03a.300x300x1.jpg","https://genius.com/Lewis-capaldi-before-you-go-lyrics"
"Dua Lipa","Don't Start Now","https://genius.com/songs/4547279/apple_music_player","https://images.genius.com/7a91683e4daacce0eeec7eec8fb8d27d.300x300x1.jpg","https://genius.com/Dua-lipa-dont-start-now-lyrics"
"Luke Combs","Forever After All","https://genius.com/songs/5921886/apple_music_player","https://images.genius.com/9fc14a065f2bb6318b7993cf3df4c70d.300x300x1.png","https://genius.com/Luke-combs-forever-after-all-lyrics"
"21 Savage","Runnin","https://genius.com/songs/6017393/apple_music_player","https://images.genius.com/b37e9ec812dac4d8b6b8cbfb274dcf77.300x300x1.png","https://genius.com/21-savage-and-metro-boomin-runnin-lyrics"
"CORPSE","E-GIRLS ARE RUINING MY LIFE!","https://genius.com/songs/6305492/apple_music_player","https://images.genius.com/907bdab73efebf7aec1c9b6586332db5.300x300x1.jpg","https://genius.com/Genius-deutsche-ubersetzungen-corpse-e-girls-are-ruining-my-life-feat-savage-ga-p-deutsche-ubersetzung-lyrics"
"Don Toliver","After Party","https://genius.com/songs/6043444/apple_music_player","https://images.genius.com/290e49552c9a8a1f1664c8b370074cd1.300x300x1.jpg","https://genius.com/A-ap-boli-reviews-all-projects-ive-reviewed-and-ratings-annotated"
"blackbear","hot girl bummer","https://genius.com/songs/4708753/apple_music_player","https://images.genius.com/c9d15801741863a013888cad8b29460e.300x300x1.jpg","https://genius.com/Blackbear-hot-girl-bummer-lyrics"
"Eminem","Godzilla (feat. Juice WRLD)","https://genius.com/songs/5167462/apple_music_player","https://images.genius.com/b20575da7d0181e723558d4591982610.300x300x1.jpg","https://genius.com/Oscarthereturned-my-trash-favorite-songs-of-2020-lyrics"
"Vedo","You Got It","https://genius.com/songs/5331897/apple_music_player","https://images.genius.com/71d63e9360045c403b72c67cd41296e5.300x300x1.jpg","https://genius.com/Vedo-you-got-it-lyrics"
"Anuel AA","Hasta Que Dios Diga","https://genius.com/songs/5614024/apple_music_player","https://images.genius.com/a0532bfddbcf192280c380a0608f2de4.300x300x1.png","https://genius.com/Anuel-aa-and-bad-bunny-hasta-que-dios-diga-lyrics"
"Super Yei","Lean (feat. Towy, Osquel, Beltito & Sammy & Falsetto)","https://genius.com/songs/3451011/apple_music_player","https://images.genius.com/a4c07ae46dd70892a3a80a908d2a94c7.300x300x1.jpg","https://genius.com/Super-yei-lean-lyrics"
"TWICE","I CAN'T STOP ME","https://genius.com/songs/6045685/apple_music_player","https://images.genius.com/d26d09db919877ef5f10fb6fe0b901d0.300x300x1.png","https://genius.com/Twice-i-cant-stop-me-lyrics"
"Jawsh 685","Savage Love (Laxed – Siren Beat) [BTS Remix]","https://genius.com/songs/3938428/apple_music_player","https://images.genius.com/afe194a208bf44da23b2555c826f755c.200x200x1.jpg","https://genius.com/Bts-bts-soundcloud-tracks-and-official-features-guide-annotated"
"Sech","La Luz","https://genius.com/songs/2331453/apple_music_player","https://images.rapgenius.com/15cef5b071ebea0b358cb3ad32d92c7c.300x300x1.jpg","https://genius.com/Jul-wesh-alors-lyrics"
"Daddy Yankee","Don Don","https://genius.com/songs/5851575/apple_music_player","https://images.genius.com/ccb9d927ff40e6f3eed003ae3a61c9ca.300x300x1.jpg","https://genius.com/Daddy-yankee-anuel-aa-and-kendo-kaponi-don-don-lyrics"
"Rauw Alejandro","Reloj","https://genius.com/songs/5162626/apple_music_player","https://images.genius.com/b8a6686c930808950fcf54bab6646175.300x300x1.jpg","https://genius.com/Rauw-alejandro-and-anuel-aa-reloj-lyrics"
"Manuel Turizo","Quiéreme Mientras Se Pueda","https://genius.com/songs/5406920/apple_music_player","https://images.genius.com/7c7bf2faf7f9c34362915491b54d1c5f.300x300x1.jpg","https://genius.com/Manuel-turizo-quiereme-mientras-se-pueda-lyrics"
"KHEA","Ayer Me Llamó Mi Ex (feat. Lenny Santos)","https://genius.com/songs/5099778/apple_music_player","https://images.genius.com/b660440faa117bb705536dd211f634ee.300x300x1.png","https://genius.com/Genius-en-espanol-sencillos-del-mes-de-noviembre-2020-annotated"
"Brenda Lee","Rockin' Around The Christmas Tree","https://genius.com/songs/104606/apple_music_player","https://images.genius.com/6b2f20717136198ba1982c6e74dfa85b.300x294x1.jpg","https://genius.com/Brenda-lee-rockin-around-the-christmas-tree-lyrics"
"Tame Impala","The Less I Know The Better","https://genius.com/songs/2165830/apple_music_player","https://images.genius.com/65f4ac56db6a7953eed0cee491f8c397.300x300x1.jpg","https://genius.com/Tame-impala-the-less-i-know-the-better-lyrics"
"Melanie Martinez","Play Date","https://genius.com/songs/2266334/apple_music_player","https://images.genius.com/b2e32296c9ac9f993988c37f0568354c.300x300x1.jpg","https://genius.com/Melanie-martinez-play-date-lyrics"
"XXXTENTACION","Everybody Dies In Their Nightmares","https://genius.com/songs/3206881/apple_music_player","https://images.genius.com/3909b41f2c27e688e4caec3637cdba36.300x300x1.png","https://genius.com/Xxxtentacion-everybody-dies-in-their-nightmares-lyrics"
"Ed Sheeran","Shape of You","https://genius.com/songs/2949128/apple_music_player","https://images.genius.com/275e26e27538792e29757efdeb6d33e7.300x225x1.jpg","https://genius.com/Ed-sheeran-shape-of-you-lyrics"
"Joji","SLOW DANCING IN THE DARK","https://genius.com/songs/3716416/apple_music_player","https://images.genius.com/c40fc34f7d062bc9bd454a6d786a2adf.300x100x1.jpg","https://genius.com/Joji-slow-dancing-in-the-dark-lyrics"
"Post Malone","Sunflower - Spider-Man: Into the Spider-Verse","https://genius.com/songs/6244649/apple_music_player","https://images.genius.com/acea5ab006df65969dd9dd30930c05e4.300x300x1.jpg","https://genius.com/Post-malone-and-swae-lee-sunflower-spiderman-into-the-spider-verse-lyrics"
"XXXTENTACION","Moonlight","https://genius.com/songs/3453573/apple_music_player","https://images.genius.com/f1484059b0782af46f700ffdeb3feb9b.300x169x1.jpg","https://genius.com/Xxxtentacion-moonlight-lyrics"
"XXXTENTACION","changes","https://genius.com/songs/3549578/apple_music_player","https://images.genius.com/8b673f80818e4cc1b975e8d8cd81344c.300x300x1.png","https://genius.com/Xxxtentacion-changes-lyrics"
"Kina","Get You The Moon (feat. Snøw)","https://genius.com/songs/4548300/apple_music_player","https://images.genius.com/06a376c6f1546b05e6e14eda623bc9a8.300x300x1.jpg","https://genius.com/Genius-russian-translations-kina-get-you-the-moon-ft-snw-lyrics"
"Marshmello","Happier","https://genius.com/songs/3792450/apple_music_player","https://images.genius.com/4ff9277eed36fb6f90372654b6c9d818.300x300x1.png","https://genius.com/Marshmello-and-bastille-happier-lyrics"
"Lady Gaga","Shallow","https://genius.com/songs/3352793/apple_music_player","https://images.genius.com/748bb66860de41158107377ed6f9979e.300x160x1.jpg","https://genius.com/Lady-gaga-and-bradley-cooper-shallow-lyrics"
"Surfaces","Sunday Best","https://genius.com/songs/4209233/apple_music_player","https://images.genius.com/5ea545fa5e961fff0a4431ef75ce9c00.300x300x1.png","https://genius.com/Surfaces-sunday-best-lyrics"
"Ariana Grande","thank u, next","https://genius.com/songs/4063065/apple_music_player","https://images.genius.com/86d493b7375da021f4850550d1ea4031.300x300x1.jpg","https://genius.com/Ariana-grande-thank-u-next-lyrics"
"Ali Gatie","It's You","https://genius.com/songs/4536941/apple_music_player","https://images.genius.com/8379aac7565d972098de4a7264ae1357.300x300x1.jpg","https://genius.com/Ali-gatie-its-you-lyrics"
"Shawn Mendes","Señorita","https://genius.com/songs/4641031/apple_music_player","https://images.genius.com/655c46217befaa4713f833a1749db575.300x300x1.jpg","https://genius.com/Shawn-mendes-and-camila-cabello-senorita-lyrics"
"Ariana Grande","just like magic","https://genius.com/songs/6094315/apple_music_player","https://images.genius.com/5fcd6a3fa11375296cb3ed04f44c109c.300x300x1.jpg","https://genius.com/Ariana-grande-just-like-magic-lyrics"
"Pop Smoke","Got It On Me","https://genius.com/songs/5302065/apple_music_player","https://images.genius.com/8a1f7823c54eceb8924a137571ab0b1c.300x300x1.jpg","https://genius.com/Pop-smoke-got-it-on-me-lyrics"
"Noah Cyrus","July","https://genius.com/songs/4740605/apple_music_player","https://images.genius.com/3f9665e0fbb857004207495a58b35e16.300x300x1.png","https://genius.com/Noah-cyrus-july-lyrics"
"Future","Life Is Good (feat. Drake)","https://genius.com/songs/5167462/apple_music_player","https://images.genius.com/b20575da7d0181e723558d4591982610.300x300x1.jpg","https://genius.com/Oscarthereturned-my-trash-favorite-songs-of-2020-lyrics"
"Lil Nas X","HOLIDAY","https://genius.com/songs/146732/apple_music_player","https://s3.amazonaws.com/rapgenius/Alfred-Lord-Tennyson.jpg","https://genius.com/Alfred-lord-tennyson-the-princess-annotated"
"THE SCOTTS","THE SCOTTS","https://genius.com/songs/5493340/apple_music_player","https://images.genius.com/ca93fc9ad9eee93174e1a16965dabfbe.300x300x1.png","https://genius.com/The-scotts-the-scotts-lyrics"
"Billie Eilish","my future","https://genius.com/songs/5798642/apple_music_player","https://images.genius.com/7b9720c4137bdb7c6e43c843c9a98d23.300x300x1.png","https://genius.com/Billie-eilish-my-future-lyrics"
"BLACKPINK","Lovesick Girls","https://genius.com/songs/5909351/apple_music_player","https://images.genius.com/95c148a0d9cacf0e7548a297dd2c0a02.300x300x1.png","https://genius.com/Blackpink-lovesick-girls-lyrics"
"Bad Bunny","Safaera","https://genius.com/songs/5305013/apple_music_player","https://images.genius.com/aa1c8b77f382d4d32ad97002ab823680.300x300x1.png","https://genius.com/Bad-bunny-jowell-and-randy-and-nengo-flow-safaera-lyrics"
"Bad Bunny","Yo Perreo Sola","https://genius.com/songs/5305150/apple_music_player","https://images.genius.com/a64344ee8b6c0dbaca24d9c6d86b8400.300x300x1.jpg","https://genius.com/Genius-english-translations-bad-bunny-yo-perreo-sola-english-translation-lyrics"
"BLACKPINK","How You Like That","https://genius.com/songs/5665448/apple_music_player","https://images.genius.com/c3e3acad7396a7e99ca0df1c897e955c.300x300x1.png","https://genius.com/Blackpink-how-you-like-that-lyrics"
"Pink Sweat$","At My Worst","https://genius.com/songs/5772212/apple_music_player","https://images.genius.com/18b8a0e252f57b694ab4bc31d6c49cfe.300x300x1.jpg","https://genius.com/Pink-sweat-at-my-worst-lyrics"
"Jhay Cortez","CÓMO SE SIENTE - Remix","https://genius.com/songs/5553950/apple_music_player","https://images.genius.com/86dc2b3c5de08257399976d0d6b4104b.300x169x1.jpg","https://genius.com/Jhay-cortez-and-bad-bunny-como-se-siente-remix-lyrics"
"K/DA","MORE","https://genius.com/songs/6042884/apple_music_player","https://images.genius.com/7135b5e9e6c92f5c8782c48adccf786c.300x300x1.jpg","https://genius.com/K-da-more-lyrics"
"The Weeknd","In Your Eyes","https://genius.com/songs/5360217/apple_music_player","https://images.genius.com/9d35a5dff10090e6c1d5e077932cea99.300x300x1.jpg","https://genius.com/The-weeknd-in-your-eyes-lyrics"
"Octavian","Papi Chulo","https://genius.com/songs/5342430/apple_music_player","https://images.genius.com/7616242762fc50cffb6b43c5ede2e42c.300x300x1.png","https://genius.com/Octavian-and-skepta-papi-chulo-lyrics"
"Dua Lipa","Break My Heart","https://genius.com/songs/5122410/apple_music_player","https://images.genius.com/6778546e8bb6c5c6943972eb48d817fd.300x300x1.png","https://genius.com/Dua-lipa-break-my-heart-lyrics"
"Dua Lipa","Fever","https://genius.com/songs/6065451/apple_music_player","https://images.genius.com/526020995d6fa209acc68c64f0466c8b.300x170x1.png","https://genius.com/Dua-lipa-and-angele-fever-lyrics"
"Sech","Relación","https://genius.com/songs/5366302/apple_music_player","https://images.genius.com/04229cdda5ccb01d5ac9aa59b3f3cf52.300x300x1.jpg","https://genius.com/Sech-relacion-lyrics"
"Maluma","Madrid","https://genius.com/songs/5888211/apple_music_player","https://images.genius.com/0cceaa4a34bfb52568ec1424211d6f9b.300x300x1.png","https://genius.com/Maluma-and-myke-towers-madrid-lyrics"
"HVME","Goosebumps","https://genius.com/songs/5828313/apple_music_player","https://images.genius.com/b434738066083bd217e62ce6b09e71b5.300x300x1.jpg","https://genius.com/Hvme-goosebumps-lyrics"
"Rauw Alejandro","Enchule","https://genius.com/songs/5182047/apple_music_player","https://images.genius.com/a2e5829ed34e4876f971d54219b6c034.300x300x1.jpg","https://genius.com/Rauw-alejandro-enchule-lyrics"
"AC/DC","Highway to Hell","https://genius.com/songs/82653/apple_music_player","https://images.genius.com/3b492283dedb352bf4dea98a8f03dd3e.300x300x1.jpg","https://genius.com/Ac-dc-highway-to-hell-lyrics"
"AC/DC","Back In Black","https://genius.com/songs/73849/apple_music_player","https://images.rapgenius.com/012fdf6487acd682eddc8d3debdc4eac.300x300x1.jpg","https://genius.com/Ac-dc-back-in-black-lyrics"
"The Police","Every Breath You Take","https://genius.com/songs/129806/apple_music_player","https://images.genius.com/405e6be3e21fd1ece04cca6bf10299eb.300x300x1.jpg","https://genius.com/The-police-every-breath-you-take-lyrics"
"a-ha","Take on Me","https://genius.com/songs/118904/apple_music_player","https://images.rapgenius.com/3163a64d05da6eae0138d4fbd53ff6e4.300x169x1.jpg","https://genius.com/A-ha-take-on-me-lyrics"
"Coldplay","Yellow","https://genius.com/songs/77782/apple_music_player","https://images.genius.com/5d0637ce9755fbda95875edc7a62d4cc.300x298x1.jpg","https://genius.com/Coldplay-yellow-lyrics"
"Linkin Park","In the End","https://genius.com/songs/49719/apple_music_player","https://images.genius.com/5b7fd24d3a34b5e1d3911f1914a9ff25.300x300x1.jpg","https://genius.com/Linkin-park-in-the-end-lyrics"
"Eminem","'Till I Collapse","https://genius.com/songs/440/apple_music_player","https://images.genius.com/c43578375ef2ac32c140cc35dfe2fef1.300x300x1.png","https://genius.com/Eminem-till-i-collapse-lyrics"
"Coldplay","The Scientist","https://genius.com/songs/77594/apple_music_player","https://images.genius.com/6064eadde0b2727a6cc21f651d3a0f42.300x300x1.png","https://genius.com/Coldplay-the-scientist-lyrics"
"Foster The People","Pumped Up Kicks","https://genius.com/songs/5951073/apple_music_player","https://images.genius.com/b802dc7edee2bdbdf5d21efdd7e53c7d.300x300x1.jpg","https://genius.com/Kevin-osmond-fosterthepeople-pumpedupkicks-koremix-lyrics"
"Arctic Monkeys","Do I Wanna Know?","https://genius.com/songs/154314/apple_music_player","https://images.genius.com/af4ac59ba9e3e8b0fe70d7c1156ff8f2.300x300x1.jpg","https://genius.com/Arctic-monkeys-do-i-wanna-know-lyrics"
"Avicii","Wake Me Up","https://genius.com/songs/175844/apple_music_player","https://images.genius.com/9aba4740bce2f5f1f9bf3f4027e2e4e3.300x300x1.jpg","https://genius.com/Avicii-wake-me-up-lyrics"
"J. Cole","No Role Modelz","https://genius.com/songs/599427/apple_music_player","https://images.genius.com/2f88c0a52697a42d3d0fb1e3276d2411.300x300x1.jpg","https://genius.com/J-cole-no-role-modelz-lyrics"
"Ed Sheeran","Thinking out Loud","https://genius.com/songs/437103/apple_music_player","https://images.genius.com/7d56a859135461e8c8c537510c0df4b2.300x300x1.jpg","https://genius.com/Ed-sheeran-thinking-out-loud-lyrics"
"Ed Sheeran","Photograph","https://genius.com/songs/451776/apple_music_player","https://images.rapgenius.com/14dcbc0743d34196896608a8c5a6d33f.300x169x1.jpg","https://genius.com/Ed-sheeran-photograph-lyrics"
"Twenty One Pilots","Stressed Out","https://genius.com/songs/2390117/apple_music_player","https://images.genius.com/757795a80cfdd555e805f3d1f99233a9.300x300x1.jpg","https://genius.com/Genius-users-genius-picks-songs-2015-annotated"
"The Chainsmokers","Closer","https://genius.com/songs/2458848/apple_music_player","https://images.genius.com/2bb0af049978740d56b3960209b56d2c.300x300x1.jpg","https://genius.com/The-chainsmokers-closer-lyrics"
"Imagine Dragons","Thunder","https://genius.com/songs/3044373/apple_music_player","https://images.genius.com/e7768dcddaa060c10a101fb220334640.300x300x1.jpg","https://genius.com/Imagine-dragons-thunder-lyrics"
"Post Malone","Better Now","https://genius.com/songs/3646568/apple_music_player","https://images.genius.com/ef176757a5735c7a104dd735543c1d20.300x300x1.png","https://genius.com/Post-malone-better-now-lyrics"
"Lauv","I Like Me Better","https://genius.com/songs/3092121/apple_music_player","https://images.genius.com/9838ffe59ebf8e564ac9c31cf8127fdf.300x300x1.jpg","https://genius.com/Lauv-i-like-me-better-lyrics"
"Alec Benjamin","Let Me Down Slowly","https://genius.com/songs/3741963/apple_music_player","https://images.genius.com/d9b57bf4df63befe04038e929dd4863a.300x300x1.jpg","https://genius.com/Alec-benjamin-let-me-down-slowly-lyrics"
"Mustard","Ballin' (with Roddy Ricch)","https://genius.com/songs/4604424/apple_music_player","https://images.genius.com/b20575da7d0181e723558d4591982610.300x300x1.jpg","https://genius.com/Oscarthereturned-my-trash-favorite-songs-of-2019-annotated"
"DaBaby","BOP","https://genius.com/songs/4895345/apple_music_player","https://images.genius.com/52ae7b5d4394fde6fd91b62d51bf2b4a.300x300x1.png","https://genius.com/Dababy-bop-lyrics"
"Chris Brown","No Guidance (feat. Drake)","https://genius.com/songs/5046660/apple_music_player","https://images.genius.com/eb834304eecbb96bdcd4ed410a6da5dc.300x300x1.jpg","https://genius.com/Genius-ranking-page-50-best-albums-and-50-best-songs-of-2019-annotated"
"Post Malone","Wow.","https://genius.com/songs/4179509/apple_music_player","https://images.genius.com/0066842956cfcf82d15e28a182301682.300x300x1.jpg","https://genius.com/Post-malone-wow-lyrics"
"Lewis Capaldi","Bruises","https://genius.com/songs/3040880/apple_music_player","https://images.genius.com/50f1085cd684b81e173bfa6e592d3a68.300x300x1.png","https://genius.com/Lewis-capaldi-bruises-lyrics"
"Sam Fischer","This City","https://genius.com/songs/3493161/apple_music_player","https://images.genius.com/4d25bc077bf7a56df6429274e75897b8.300x300x1.jpg","https://genius.com/Sam-fischer-this-city-lyrics"
"J Balvin","LA CANCIÓN","https://genius.com/songs/85755/apple_music_player","https://images.genius.com/1611ef5194886b1dde5ec9ee730e1547.300x300x1.jpg","https://genius.com/Cifack-infamous-i-lyrics"
"BENEE","Supalonely","https://genius.com/songs/5022080/apple_music_player","https://images.genius.com/c8b9e2c4f0f2a755e320be98166ac76c.300x300x1.png","https://genius.com/Benee-supalonely-lyrics"
"BTS","Boy With Luv (feat. Halsey)","https://genius.com/songs/5046660/apple_music_player","https://images.genius.com/eb834304eecbb96bdcd4ed410a6da5dc.300x300x1.jpg","https://genius.com/Genius-ranking-page-50-best-albums-and-50-best-songs-of-2019-annotated"
"Polo G","21","https://genius.com/songs/3070477/apple_music_player","https://images.genius.com/0258097e1c2e58ea77104b99803e71b8.300x272x1.jpg","https://genius.com/Beneficjenci-splendoru-sztuczka-lyrics"
"Juice WRLD","Hate The Other Side (with Marshmello & The Kid Laroi)","https://genius.com/songs/5214785/apple_music_player","https://images.genius.com/8830989510e788cf0c95721ec7706871.300x300x1.png","https://genius.com/Juice-wrld-and-marshmello-hate-the-other-side-lyrics"
"Juice WRLD","Righteous","https://genius.com/songs/4673513/apple_music_player","https://images.genius.com/7e93b637e287b74e5358127069564b22.300x300x1.jpg","https://genius.com/Juice-wrld-righteous-lyrics"
"Lil Mosey","Blueberry Faygo","https://genius.com/songs/4606781/apple_music_player","https://images.genius.com/6e09dac4d3be886ebca197c1cea77b34.300x300x1.png","https://genius.com/Lil-mosey-blueberry-faygo-lyrics"
"Jack Harlow","WHATS POPPIN","https://genius.com/songs/5701202/apple_music_player","https://images.genius.com/6ad4f73c8ae281740d737fc8492479e9.300x169x1.jpg","https://genius.com/Jack-harlow-whats-poppin-remix-lyrics"
"Ariana Grande","safety net (feat. Ty Dolla $ign)","https://genius.com/songs/6135039/apple_music_player","https://images.genius.com/d621467e52ec2b6fe5cb6d0a41846e69.300x300x1.png","https://genius.com/Genius-translations-ariana-grande-safety-net-feat-ty-dolla-sign-deutsche-ubersetzung-lyrics"
"StaySolidRocky","Party Girl","https://genius.com/songs/5233319/apple_music_player","https://images.genius.com/9ccab8a01083d0093c3cc8deb4f29da5.300x300x1.png","https://genius.com/Staysolidrocky-party-girl-lyrics"
"Conan Gray","Maniac","https://genius.com/songs/4958474/apple_music_player","https://images.genius.com/9c245e6ea1ddbd3ee7d13bcbe56a48a4.300x300x1.jpg","https://genius.com/Conan-gray-maniac-lyrics"
"Lil Mosey","Blueberry Faygo","https://genius.com/songs/4606781/apple_music_player","https://images.genius.com/6e09dac4d3be886ebca197c1cea77b34.300x300x1.png","https://genius.com/Lil-mosey-blueberry-faygo-lyrics"
"Miley Cyrus","Heart Of Glass (Live from the iHeart Festival)","https://genius.com/songs/5982451/apple_music_player","https://images.genius.com/88698abae0a5e564f8a827202397736e.300x300x1.png","https://genius.com/Miley-cyrus-heart-of-glass-live-from-the-iheart-festival-lyrics"
"BTS","Blue & Grey","https://genius.com/songs/5969954/apple_music_player","https://images.genius.com/3d1c09647e30d1ebb497dded3ee9f2d3.300x300x1.jpg","https://genius.com/V-bts-blue-and-grey-original-version-lyrics"
"BTS","Fly To My Room","https://genius.com/songs/6154633/apple_music_player","https://images.genius.com/6f224b405faa572e37d61ca2883e9491.300x300x1.jpg","https://genius.com/Bts-fly-to-my-room-lyrics"
"CJ","Whoopty","https://genius.com/songs/5988390/apple_music_player","https://images.genius.com/c341f2597323a27a0947b5550e5fb9d6.300x300x1.png","https://genius.com/Cj-whoopty-lyrics"
"BTS","Telepathy","https://genius.com/songs/6177652/apple_music_player","https://images.genius.com/948a8329f26e2f2fd1913bea44cad73a.300x146x1.jpg","https://genius.com/Rogelio-favoritos-2020-annotated"
"Piso 21","Pa' Olvidarme De Ella","https://genius.com/songs/4843013/apple_music_player","https://images.genius.com/bf0baf6240610bcc8f1c921e81ab9302.300x200x1.jpg","https://genius.com/Piso-21-and-christian-nodal-pa-olvidarme-de-ella-lyrics"
"Drake","Toosie Slide","https://genius.com/songs/5402847/apple_music_player","https://images.genius.com/c27f4115b093ba3744f4784ec6f03c29.300x300x1.png","https://genius.com/Drake-toosie-slide-lyrics"
"Marshmello","OK Not To Be OK","https://genius.com/songs/5926909/apple_music_player","https://images.genius.com/a0cc42a27fdfc7eb3259559fe69c00b0.300x300x1.png","https://genius.com/Marshmello-and-demi-lovato-ok-not-to-be-ok-lyrics"
"Bad Bunny","Si Veo a Tu Mamá","https://genius.com/songs/5305000/apple_music_player","https://images.genius.com/aa1c8b77f382d4d32ad97002ab823680.300x300x1.png","https://genius.com/Bad-bunny-si-veo-a-tu-mama-lyrics"
"Selena Gomez","Lose You To Love Me","https://genius.com/songs/4953164/apple_music_player","https://images.genius.com/77f1caeb21d3a45b18ec7f55e8114373.300x150x1.jpg","https://genius.com/Selena-gomez-lose-you-to-love-me-lyrics"
"Doja Cat","Boss Bitch","https://genius.com/songs/5101683/apple_music_player","https://images.genius.com/87a4a9895cacde8d67eb31ae286118f1.300x300x1.jpg","https://genius.com/Doja-cat-boss-bitch-lyrics"
"Ava Max","Sweet but Psycho","https://genius.com/songs/3905115/apple_music_player","https://images.genius.com/8f8b989fbfa94f902b41dad17ac557ea.300x300x1.png","https://genius.com/Ava-max-sweet-but-psycho-lyrics"
"Dua Lipa","Don't Start Now","https://genius.com/songs/4547279/apple_music_player","https://images.genius.com/7a91683e4daacce0eeec7eec8fb8d27d.300x300x1.jpg","https://genius.com/Dua-lipa-dont-start-now-lyrics"
"Ozuna","Del Mar","https://genius.com/songs/5927033/apple_music_player","https://images.genius.com/68f0f8253ac1a36573ec73cddbfbdb14.300x300x1.jpg","https://genius.com/Ozuna-del-mar-solo-version-lyrics"
"Nea","Some Say - Felix Jaehn Remix","https://genius.com/songs/5162423/apple_music_player","https://images.genius.com/25676a02960c96b2f15042f665ec0171.300x300x1.png","https://genius.com/Nea-some-say-felix-jaehn-remix-lyrics"
"Rauw Alejandro","Elegí (feat. Dímelo Flow)","https://genius.com/songs/5274473/apple_music_player","https://images.genius.com/9f5f8218d5b01fc4835ecf6cd96f7031.300x300x1.jpg","https://genius.com/Rauw-alejandro-dalex-and-lenny-tavarez-elegi-lyrics"
"Dalex","+Linda","https://genius.com/songs/5464423/apple_music_player","https://images.genius.com/3752a42d9e62bcb2732eba47dd7d18e4.300x300x1.jpg","https://genius.com/Dalex-linda-lyrics"
"twocolors","Lovefool","https://genius.com/songs/5553433/apple_music_player","https://images.genius.com/6cb8e4c4c756003af5bbd0a637b5178f.300x300x1.jpg","https://genius.com/Twocolors-lovefool-lyrics"
"Camilo","El Mismo Aire - con Pablo Alborán","https://genius.com/songs/5656886/apple_music_player","https://images.genius.com/3af9c9c111c0835c56efad95951ea738.300x300x1.jpg","https://genius.com/Camilo-and-pablo-alboran-el-mismo-aire-lyrics"
"Andy Williams","It's the Most Wonderful Time of the Year","https://genius.com/songs/2255377/apple_music_player","https://images.genius.com/0b3782150e21c853e2a21cc765de7cbb.240x240x1.jpg","https://genius.com/Andy-williams-its-the-most-wonderful-time-of-the-year-lyrics"
"Eagles","Hotel California - 2013 Remaster","https://genius.com/songs/3176088/apple_music_player","https://images.genius.com/4d9825d4709d8a610cd82ce10ec8e550.300x300x1.jpg","https://genius.com/The-scp-foundation-scp-series-annotated"
"TOTO","Africa","https://genius.com/songs/105876/apple_music_player","https://images.genius.com/66fbedd3fd079d6bdf50b58c662b64a3.300x300x1.jpg","https://genius.com/Toto-africa-lyrics"
"Michael Jackson","Billie Jean","https://genius.com/songs/1644/apple_music_player","https://images.genius.com/b5a58a1a3467bc35d210f04f780f30ae.300x168x1.jpg","https://genius.com/Michael-jackson-billie-jean-lyrics"
"Bon Jovi","Livin' On A Prayer","https://genius.com/songs/65318/apple_music_player","https://images.genius.com/518ef65959b13ef8b92c724fb05312cf.300x300x1.jpg","https://genius.com/Bon-jovi-livin-on-a-prayer-lyrics"
"AC/DC","Thunderstruck","https://genius.com/songs/291696/apple_music_player","https://images.genius.com/e1ce369be96a0b12af7bc8cdfc441b74.300x300x1.jpg","https://genius.com/Ac-dc-thunderstruck-lyrics"
"Bobby Helms","Jingle Bell Rock","https://genius.com/songs/623112/apple_music_player","https://images.genius.com/c1d7e923df88ae3fb8c5d85de0587176.300x300x1.jpg","https://genius.com/Bobby-helms-jingle-bell-rock-lyrics"
"Eminem","Without Me","https://genius.com/songs/811/apple_music_player","https://images.genius.com/3ab979343099b21ed1537b08d934fc3b.300x169x1.jpg","https://genius.com/Eminem-without-me-lyrics"
"Shakira","Hips Don't Lie (feat. Wyclef Jean)","https://genius.com/songs/3997207/apple_music_player","https://images.genius.com/21dfa86530bbcc65b3c8d8c774637a43.300x300x1.jpg","https://genius.com/Shakira-hips-dont-lie-live-version-ft-wyclef-jean-lyrics"
"Wham!","Last Christmas - Remastered","https://genius.com/songs/387801/apple_music_player","https://assets.genius.com/images/default_cover_image.png?1608585704","https://genius.com/H-l-mencken-a-bums-christmas-annotated"
"Jason Mraz","I'm Yours","https://genius.com/songs/58874/apple_music_player","https://images.genius.com/dead9bb3ffcf32c3b6b502eabc3f698a.300x300x1.jpg","https://genius.com/Jason-mraz-im-yours-lyrics"
"Train","Hey, Soul Sister","https://genius.com/songs/105922/apple_music_player","https://images.genius.com/95781a21c60794dc6d29daf72996608e.300x300x1.jpg","https://genius.com/Train-hey-soul-sister-lyrics"
"Michael Bublé","It's Beginning to Look a Lot like Christmas","https://genius.com/songs/512407/apple_music_player","https://images.genius.com/508d57cabceffef36333a9adda61280b.300x300x1.jpg","https://genius.com/Michael-buble-its-beginning-to-look-a-lot-like-christmas-lyrics"
"Bruno Mars","When I Was Your Man","https://genius.com/songs/122542/apple_music_player","https://images.genius.com/89e7ab54960155be53766ef542e735db.300x300x1.jpg","https://genius.com/Bruno-mars-when-i-was-your-man-lyrics"
"Macklemore & Ryan Lewis","Can't Hold Us - feat. Ray Dalton","https://genius.com/songs/488900/apple_music_player","https://images.genius.com/3f619f317557a048f0f2d068aab8157f.300x300x1.jpg","https://genius.com/Macklemore-and-ryan-lewis-macklemore-and-ryan-lewis-music-videos-annotated"
"Kodaline","All I Want","https://genius.com/songs/97175/apple_music_player","https://images.rapgenius.com/fd03a52a8043f74d6d57c5ce5ec3d733.300x300x1.jpg","https://genius.com/Kodaline-all-i-want-lyrics"
"One Direction","Story of My Life","https://genius.com/songs/245655/apple_music_player","https://images.genius.com/aee7c080c94f4d46135c2b80c7102f93.300x300x1.jpg","https://genius.com/One-direction-story-of-my-life-lyrics"
"WILLOW","Wait a Minute!","https://genius.com/songs/2389216/apple_music_player","https://images.genius.com/47e950d4037e02d2f0c7a9888f03b3dd.300x300x1.jpg","https://genius.com/Willow-wait-a-minute-lyrics"
"The Weeknd","The Hills","https://genius.com/songs/727466/apple_music_player","https://images.genius.com/a5a4fa8b9e39064038977fe7c77fb069.300x300x1.png","https://genius.com/The-weeknd-the-hills-lyrics"
"Post Malone","I Fall Apart","https://genius.com/songs/2900237/apple_music_player","https://images.genius.com/f424f2e0b96366f6bcdd4bb4be0f86d4.300x300x1.png","https://genius.com/Post-malone-i-fall-apart-lyrics"
"The Weeknd","Starboy","https://genius.com/songs/2928075/apple_music_player","https://assets.genius.com/images/default_cover_image.png?1608585704","https://genius.com/December-memoirs-a-minecraft-parody-of-theweeknds-starboy-music-video-lyrics"
"NF","Let You Down","https://genius.com/songs/2853827/apple_music_player","https://images.genius.com/335a4ed14cddc1243862a3e34d2e5ef3.300x300x1.jpg","https://genius.com/Nf-let-you-down-lyrics"
"Chord Overstreet","Hold On","https://genius.com/songs/2973448/apple_music_player","https://images.genius.com/b95756053131bc3ec1fd800f1f7b6b30.300x300x1.jpg","https://genius.com/Chord-overstreet-hold-on-lyrics"
"Marshmello","Silence","https://genius.com/songs/3188009/apple_music_player","https://images.genius.com/eda133d0e85c38ac75a5bf0f12e19191.300x300x1.jpg","https://genius.com/Marshmello-silence-lyrics"
"Harry Styles","Sign of the Times","https://genius.com/songs/3040789/apple_music_player","https://images.genius.com/7808c28a7318d798a70dcca90b34846b.300x300x1.jpg","https://genius.com/Harry-styles-sign-of-the-times-lyrics"
"The Chainsmokers","Something Just Like This","https://genius.com/songs/3558589/apple_music_player","https://images.genius.com/4a50303236aa4579e3380625bec464be.300x169x1.jpg","https://genius.com/Genius-brasil-traducoes-the-chainsmokers-something-just-like-this-traducao-em-portugues-lyrics"
"Metro Boomin","Space Cadet (feat. Gunna)","https://genius.com/songs/4153620/apple_music_player","https://assets.genius.com/images/default_cover_image.png?1608585704","https://genius.com/Valstrax-my-top-20-songs-and-albums-of-2018-annotated"
"XXXTENTACION","Hope","https://genius.com/songs/3539284/apple_music_player","https://images.genius.com/93674f4f017897070865ea964492e3d2.300x300x1.jpg","https://genius.com/Xxxtentacion-hope-lyrics"
"XXXTENTACION","the remedy for a broken heart (why am I so in love)","https://genius.com/songs/3577658/apple_music_player","https://images.genius.com/8b673f80818e4cc1b975e8d8cd81344c.300x300x1.png","https://genius.com/Xxxtentacion-the-remedy-for-a-broken-heart-why-am-i-so-in-love-lyrics"
"Drake","God's Plan","https://genius.com/songs/3315890/apple_music_player","https://images.genius.com/efde8de93f83871f717e1019d453245c.300x300x1.png","https://genius.com/Drake-gods-plan-lyrics"
"Halsey","Without Me","https://genius.com/songs/3977187/apple_music_player","https://images.genius.com/2f9fc61cef5bd85878704ab10a502007.300x300x1.jpg","https://genius.com/Halsey-without-me-lyrics"
"Calum Scott","You Are The Reason","https://genius.com/songs/2870989/apple_music_player","https://images.genius.com/4294a7ea0cb70a78d82ac09489140aa5.300x300x1.jpg","https://genius.com/Calum-scott-you-are-the-reason-lyrics"
"Dean Lewis","Be Alright","https://genius.com/songs/3806525/apple_music_player","https://images.genius.com/6c17ff0e22271bd5b6ebcd357e2b08ac.300x300x1.jpg","https://genius.com/Dean-lewis-be-alright-lyrics"
"Bad Bunny","Si Estuviésemos Juntos","https://genius.com/songs/4179007/apple_music_player","https://images.genius.com/0e2eced4588d3a78d0d1e8377b11fe0d.300x300x1.jpg","https://genius.com/Bad-bunny-si-estuviesemos-juntos-lyrics"
"Kina","Can We Kiss Forever?","https://genius.com/songs/3935006/apple_music_player","https://images.genius.com/953630924ba7bcf3ab47e6497f9b22a5.300x300x1.jpg","https://genius.com/Kina-can-we-kiss-forever-lyrics"
"Lil Tecca","Ransom","https://genius.com/songs/4570978/apple_music_player","https://images.genius.com/08fc187cce715ccefa37ad317136da12.300x169x1.jpg","https://genius.com/Lil-tecca-ransom-lyrics"
"Billie Eilish","i love you","https://genius.com/songs/4186978/apple_music_player","https://images.genius.com/340ad5b2b1163aa2333a8efc0815b84f.300x300x1.jpg","https://genius.com/Billie-eilish-i-love-you-lyrics"
"Bea Miller","feel something","https://genius.com/songs/230480/apple_music_player","https://images.genius.com/5441fcae55cda7281fac35fae9764e05.300x225x1.png","https://genius.com/Noam-chomsky-preventive-war-the-supreme-crime-annotated"
"Post Malone","Sunflower - Spider-Man: Into the Spider-Verse","https://genius.com/songs/6244649/apple_music_player","https://images.genius.com/acea5ab006df65969dd9dd30930c05e4.300x300x1.jpg","https://genius.com/Post-malone-and-swae-lee-sunflower-spiderman-into-the-spider-verse-lyrics"
"Jonas Brothers","Sucker","https://genius.com/songs/4350998/apple_music_player","https://images.genius.com/ba17f88743204e79a08be9cb905f401c.300x127x1.jpg","https://genius.com/Jonas-brothers-sucker-lyrics"
"Bad Bunny","Callaita","https://genius.com/songs/4589199/apple_music_player","https://images.genius.com/91552b1287e011fbc79a06d6f56b9ff0.300x300x1.jpg","https://genius.com/Bad-bunny-and-tainy-callaita-lyrics"
"Lil Nas X","Old Town Road - Remix","https://genius.com/songs/502872/apple_music_player","https://assets.genius.com/images/default_cover_image.png?1608585704","https://genius.com/Indian-history-sourcebook-the-laws-of-manu-annotated"
"Ariana Grande","nasty","https://genius.com/songs/5384917/apple_music_player","https://images.genius.com/9c0d0597dfdc7916c8397cc375ba3d2f.300x169x1.jpg","https://genius.com/Ariana-grande-nasty-lyrics"
"Ariana Grande","shut up","https://genius.com/songs/6094306/apple_music_player","https://images.genius.com/5fcd6a3fa11375296cb3ed04f44c109c.300x300x1.jpg","https://genius.com/Ariana-grande-shut-up-lyrics"
"Ariana Grande","six thirty","https://genius.com/songs/6094689/apple_music_player","https://images.genius.com/47f565d8cb6af7dc63239cad6a507873.300x169x1.jpg","https://genius.com/Ariana-grande-six-thirty-lyrics"
"Ariana Grande","my hair","https://genius.com/songs/5975363/apple_music_player","https://images.genius.com/0ce609f7f964a86846d193e5eb4d8d5d.300x169x1.jpg","https://genius.com/Ariana-grande-my-hair-lyrics"
"Taylor Swift","cardigan","https://genius.com/songs/5793984/apple_music_player","https://images.genius.com/06eb9be0620a686ba2c8f981fdd741c0.300x300x1.png","https://genius.com/Taylor-swift-cardigan-lyrics"
"Don Toliver","No Idea","https://genius.com/songs/159366/apple_music_player","https://images.genius.com/1d25a34fc0d2f179bd36aee15b4f9f91.300x300x1.png","https://genius.com/Charles-dickens-oliver-twist-chap-31-annotated"
"BTS","Dis-ease","https://genius.com/songs/6154636/apple_music_player","https://images.genius.com/6f224b405faa572e37d61ca2883e9491.300x300x1.jpg","https://genius.com/Bts-dis-ease-lyrics"
"Alexander 23","IDK You Yet","https://genius.com/songs/5399711/apple_music_player","https://images.genius.com/fb707dcb6121909d22b4121010df20a1.300x300x1.png","https://genius.com/Alexander-23-idk-you-yet-lyrics"
"BTS","Stay","https://genius.com/songs/5572506/apple_music_player","https://images.genius.com/307a674ab6895eb6342cf70e1781a492.300x300x1.jpg","https://genius.com/Genius-english-translations-bts-stay-gold-english-translation-lyrics"
"Anuel AA","Reggaetonera","https://genius.com/songs/5614063/apple_music_player","https://images.genius.com/a0532bfddbcf192280c380a0608f2de4.300x300x1.png","https://genius.com/Anuel-aa-reggaetonera-lyrics"
"Sista Prod","Eyes Blue Like The Atlantic (feat. Subvrbs)","https://genius.com/songs/5499663/apple_music_player","https://images.genius.com/eb99358c5ee6f2855f5ab35b37ab76e0.300x300x1.jpg","https://genius.com/Sista-prod-eyes-blue-like-the-atlantic-lyrics"
"Justin Bieber","Intentions","https://genius.com/songs/5168488/apple_music_player","https://images.genius.com/83f566ef0ef7295fa6fee24f09f975aa.300x300x1.png","https://genius.com/Justin-bieber-intentions-lyrics"
"BLACKPINK","Pretty Savage","https://genius.com/songs/5909357/apple_music_player","https://images.genius.com/96db1c6aa5df02e40b83b839cf5b3bc3.300x300x1.png","https://genius.com/Blackpink-pretty-savage-lyrics"
"Bad Bunny","La Difícil","https://genius.com/songs/5305001/apple_music_player","https://images.genius.com/aa1c8b77f382d4d32ad97002ab823680.300x300x1.png","https://genius.com/Bad-bunny-la-dificil-lyrics"
"Dalex","Hola - Remix","https://genius.com/songs/4135433/apple_music_player","https://images.genius.com/9582d75eb23321a316232dded0eccca8.300x300x1.png","https://genius.com/Genius-en-espanol-sencillos-del-mes-de-noviembre-2019-annotated"
"Alex Rose","Jangueo","https://genius.com/songs/4967782/apple_music_player","https://images.genius.com/f935e101e66d1a5112ecf8ee8345b4f0.300x300x1.jpg","https://genius.com/Alex-rose-and-rafa-pabon-jangueo-lyrics"
"Sigala","Lasting Lover","https://genius.com/songs/5906434/apple_music_player","https://images.genius.com/b4ba8c1c9e1f398fb3ca0b2dba7e317c.300x300x1.jpg","https://genius.com/Sigala-and-james-arthur-lasting-lover-lyrics"
"Ava Max","Who's Laughing Now","https://genius.com/songs/5634050/apple_music_player","https://images.genius.com/1331e630c68ce5432caa1ffd1b6e0624.300x300x1.jpg","https://genius.com/Ava-max-whos-laughing-now-lyrics"
"Danna Paola","No Bailes Sola","https://genius.com/songs/5584984/apple_music_player","https://images.genius.com/77a66a9f54d1f1a919317ff9e532d7bb.300x300x1.jpg","https://genius.com/Danna-paola-and-sebastian-yatra-no-bailes-sola-lyrics"
"David Guetta","Let's Love","https://genius.com/songs/5884220/apple_music_player","https://images.genius.com/e593bc05ea0de4150c1d99354b1dcd66.300x300x1.jpg","https://genius.com/David-guetta-and-sia-lets-love-lyrics"
"Elton John","Rocket Man (I Think It's Going To Be A Long, Long Time)","https://genius.com/songs/1059/apple_music_player","https://images.genius.com/08b53752314bcb3b8b47e0b2d8fbe05e.300x298x1.jpg","https://genius.com/Elton-john-rocket-man-i-think-its-going-to-be-a-long-long-time-lyrics"
"Lynyrd Skynyrd","Sweet Home Alabama","https://genius.com/songs/1268/apple_music_player","https://images.genius.com/1c168d89b2330fca8b608c4cce064701.300x300x1.jpg","https://genius.com/Lynyrd-skynyrd-sweet-home-alabama-lyrics"
"Bryan Adams","Summer Of '69","https://genius.com/songs/105014/apple_music_player","https://images.genius.com/37ac3da6d45801c3475b5e6ef2d968f8.300x300x1.jpg","https://genius.com/Bryan-adams-summer-of-69-lyrics"
"Whitney Houston","I Wanna Dance with Somebody (Who Loves Me)","https://genius.com/songs/243002/apple_music_player","https://images.genius.com/64757c17675da24ecdcef900913c8c32.300x300x1.jpg","https://genius.com/Whitney-houston-i-wanna-dance-with-somebody-who-loves-me-lyrics"
"R.E.M.","Losing My Religion","https://genius.com/songs/64232/apple_music_player","https://images.rapgenius.com/a83c8ce9afe5b7472566ed329c9107e9.300x299x1.jpg","https://genius.com/Rem-losing-my-religion-lyrics"
"Radiohead","Creep","https://genius.com/songs/109096/apple_music_player","https://images.genius.com/7e8ec7d3265b0867ba38e232650f7c82.300x300x1.jpg","https://genius.com/Radiohead-creep-lyrics"
"Coolio","Gangsta's Paradise","https://genius.com/songs/1352/apple_music_player","https://images.genius.com/691b44047ee0d7b8ef1ca842167dd4d6.300x300x1.jpg","https://genius.com/Coolio-gangstas-paradise-lyrics"
"Linkin Park","Numb","https://genius.com/songs/74998/apple_music_player","https://images.genius.com/130ca6e3c09bddb4185a6c89d42be622.300x300x1.jpg","https://genius.com/Linkin-park-numb-lyrics"
"Usher","Yeah! (feat. Lil Jon & Ludacris)","https://genius.com/songs/2831404/apple_music_player","https://images.genius.com/24f26541db2b83125bb9af052391eb58.300x300x1.png","https://genius.com/Pop-genius-hits-of-the-2000s-top-64-annotated"
"Coldplay","Fix You","https://genius.com/songs/79647/apple_music_player","https://images.genius.com/04db88665aabb2e9f9bdd4614512305b.300x300x1.jpg","https://genius.com/Coldplay-fix-you-lyrics"
"Nelly Furtado","Promiscuous","https://genius.com/songs/3343/apple_music_player","https://images.genius.com/cb1f2b0761e7e3daede0372c72efc225.300x262x1.jpg","https://genius.com/Nelly-furtado-promiscuous-lyrics"
"Eminem","Love The Way You Lie","https://genius.com/songs/532/apple_music_player","https://images.genius.com/4825b0fd0490a1f6ec098d55a7d661d5.300x199x1.jpg","https://genius.com/Eminem-love-the-way-you-lie-lyrics"
"Grouplove","Tongue Tied","https://genius.com/songs/79958/apple_music_player","https://images.rapgenius.com/8376106de0218849a3cb2d55c8022905.300x300x1.jpg","https://genius.com/Grouplove-tongue-tied-lyrics"
"One Direction","What Makes You Beautiful","https://genius.com/songs/72070/apple_music_player","https://images.genius.com/bb81b4ed37a6997e32879f42463a27e0.300x300x1.jpg","https://genius.com/One-direction-what-makes-you-beautiful-lyrics"
"Bruno Mars","Locked out of Heaven","https://genius.com/songs/90551/apple_music_player","https://images.genius.com/89e7ab54960155be53766ef542e735db.300x300x1.jpg","https://genius.com/Bruno-mars-locked-out-of-heaven-lyrics"
"Arctic Monkeys","Why'd You Only Call Me When You're High?","https://genius.com/songs/197412/apple_music_player","https://images.genius.com/af4ac59ba9e3e8b0fe70d7c1156ff8f2.300x300x1.jpg","https://genius.com/Arctic-monkeys-whyd-you-only-call-me-when-youre-high-lyrics"
"Sam Smith","Stay With Me","https://genius.com/songs/387414/apple_music_player","https://images.genius.com/e44012d4b0e5fbe963bfd52757b575fb.300x300x1.jpg","https://genius.com/Sam-smith-stay-with-me-lyrics"
"Sam Smith","I'm Not The Only One","https://genius.com/songs/336227/apple_music_player","https://images.genius.com/e03b262e483619f35f7dfc6653cb2d93.300x300x1.jpg","https://genius.com/Sam-smith-im-not-the-only-one-lyrics"
"Avicii","The Nights","https://genius.com/songs/521662/apple_music_player","https://images.genius.com/21d81a42bd2549d9c18f7389a13acb8b.300x300x1.png","https://genius.com/Avicii-the-nights-lyrics"
"Mark Ronson","Uptown Funk (feat. Bruno Mars)","https://genius.com/songs/2254724/apple_music_player","https://images.rapgenius.com/577bf64b8b07b7cd847054d97287a28a.300x150x1.jpg","https://genius.com/Mtv-32nd-vma-2015-nominees-lyrics"
"Wiz Khalifa","See You Again (feat. Charlie Puth)","https://genius.com/songs/2254724/apple_music_player","https://images.rapgenius.com/577bf64b8b07b7cd847054d97287a28a.300x150x1.jpg","https://genius.com/Mtv-32nd-vma-2015-nominees-lyrics"
"Justin Bieber","Love Yourself","https://genius.com/songs/2342329/apple_music_player","https://images.genius.com/fdbb92c9c2c420bbbe46ebd7c06369b0.300x164x1.png","https://genius.com/Justin-bieber-love-yourself-lyrics"
"Justin Bieber","Sorry","https://genius.com/songs/2323822/apple_music_player","https://images.genius.com/fdbb92c9c2c420bbbe46ebd7c06369b0.300x164x1.png","https://genius.com/Justin-bieber-sorry-lyrics"
"Ricky Montgomery","Mr Loverman","https://genius.com/songs/2491742/apple_music_player","https://images.genius.com/ad746d37f7cae2ec41e7352c01510b20.300x159x1.jpg","https://genius.com/Ricky-montgomery-mr-loverman-lyrics"
"Childish Gambino","Redbone","https://genius.com/songs/2905167/apple_music_player","https://images.genius.com/a8bd82fe1b5ae6861aea0c2b65b8b333.300x300x1.png","https://genius.com/Childish-gambino-redbone-lyrics"
"Post Malone","Congratulations","https://genius.com/songs/2865735/apple_music_player","https://images.genius.com/f424f2e0b96366f6bcdd4bb4be0f86d4.300x300x1.png","https://genius.com/Post-malone-congratulations-lyrics"
"Kendrick Lamar","HUMBLE.","https://genius.com/songs/3039923/apple_music_player","https://images.genius.com/0780c76f8d3ab762a0ad67ac26fa9709.300x169x1.jpg","https://genius.com/Kendrick-lamar-humble-lyrics"
"XXXTENTACION","Look At Me!","https://genius.com/songs/2441478/apple_music_player","https://images.genius.com/bbd3f056dd044b716af82ad6e997ec2a.300x300x1.jpg","https://genius.com/Xxxtentacion-look-at-me-lyrics"
"Lil Peep","Save That Shit","https://genius.com/songs/3175124/apple_music_player","https://images.genius.com/48a2a660ea2c0e8a2fedbead24176250.300x169x1.jpg","https://genius.com/Lil-peep-save-that-shit-lyrics"
"Billie Eilish","ocean eyes","https://genius.com/songs/2403346/apple_music_player","https://images.genius.com/a0bd571a819d6c15f450632192dac147.300x300x1.jpg","https://genius.com/Billie-eilish-ocean-eyes-lyrics"
"Ed Sheeran","Happier","https://genius.com/songs/2953764/apple_music_player","https://images.genius.com/40d09c0b867729a2bfe0a01afd82991c.300x300x1.jpg","https://genius.com/Ed-sheeran-happier-lyrics"
"Shawn Mendes","Treat You Better","https://genius.com/songs/2478138/apple_music_player","https://images.genius.com/bf004d7c1ba188cb06c28e8966788a6d.300x300x1.jpg","https://genius.com/Shawn-mendes-treat-you-better-lyrics"
"ZAYN","Dusk Till Dawn - Radio Edit","https://genius.com/songs/3035330/apple_music_player","https://images.genius.com/b6052f581137c1c86c9c210e3c7a2d1f.300x367x1.jpg","https://genius.com/Thehills79-my-spotify-playlist-annotated"
"Lil Baby","Drip Too Hard (Lil Baby & Gunna)","https://genius.com/songs/3945870/apple_music_player","https://images.genius.com/4103f03c5192eded4d62ee265efaf484.300x300x1.jpg","https://genius.com/Lil-baby-and-gunna-drip-too-hard-lyrics"
"YNW Melly","Murder On My Mind","https://genius.com/songs/3290166/apple_music_player","https://images.genius.com/3b975ab616f3d18f6fd22fee5793a046.300x300x1.jpg","https://genius.com/Ynw-melly-murder-on-my-mind-lyrics"
"Zedd","The Middle","https://genius.com/songs/4415435/apple_music_player","https://images.genius.com/5973a8e70bb0e3138b8032e2edf482ac.300x300x1.png","https://genius.com/Knifetrick-limykelsys-listening-log-for-2019-annotated"
"Cardi B","I Like It","https://genius.com/songs/3903190/apple_music_player","https://images.genius.com/bedf8a55b306438e92e71c641df5927f.300x300x1.jpg","https://genius.com/Cardi-b-i-like-it-kontra-k-and-ak-ausserkontrolle-remix-lyrics"
"The Weeknd","Call Out My Name","https://genius.com/songs/3614919/apple_music_player","https://images.genius.com/ccec68be22e8859347bbe551cb2288e3.300x300x1.png","https://genius.com/The-weeknd-call-out-my-name-lyrics"
"Jeremy Zucker","comethru","https://genius.com/songs/3942969/apple_music_player","https://images.genius.com/79a5c9e00f57a63d1fcbc6df27716784.300x300x1.jpg","https://genius.com/Jeremy-zucker-comethru-lyrics"
"Calum Scott","Dancing On My Own","https://genius.com/songs/2825324/apple_music_player","https://images.genius.com/d9ea582ea8fbfd9037f12bd6657710d8.300x300x1.jpg","https://genius.com/Calum-scott-dancing-on-my-own-lyrics"
"Camila Cabello","Havana (feat. Young Thug)","https://genius.com/songs/3323339/apple_music_player","https://images.genius.com/eb834304eecbb96bdcd4ed410a6da5dc.300x300x1.jpg","https://genius.com/Genius-ranking-page-50-best-albums-50-best-songs-of-2017-annotated"
"Anne-Marie","2002","https://genius.com/songs/3541694/apple_music_player","https://images.genius.com/a1fd0f25c332080e1a60ffb8309cc099.300x300x1.png","https://genius.com/Anne-marie-2002-lyrics"
"Calvin Harris","One Kiss (with Dua Lipa)","https://genius.com/songs/5331436/apple_music_player","https://images.genius.com/ff6cad3dd2db578c46ec4dbb313c8fe0.300x300x1.jpg","https://genius.com/Genius-artist-archive-dua-lipa-annotated"
"J. Cole","MIDDLE CHILD","https://genius.com/songs/4348289/apple_music_player","https://images.genius.com/19d18db9abaa9b9e77cb34d2c6f36ca7.300x300x1.jpg","https://genius.com/Warrenisyellow-only-child-jcole-middle-child-remix-lyrics"
"Polo G","Pop Out (feat. Lil Tjay)","https://genius.com/songs/4604424/apple_music_player","https://images.genius.com/b20575da7d0181e723558d4591982610.300x300x1.jpg","https://genius.com/Oscarthereturned-my-trash-favorite-songs-of-2019-annotated"
"Lil Tjay","F.N","https://genius.com/songs/4765699/apple_music_player","https://images.genius.com/645587e20411c12f2423ab02c7a2ed56.300x300x1.jpg","https://genius.com/Lil-tjay-fn-lyrics"
"Dayglow","Can I Call You Tonight?","https://genius.com/songs/3750557/apple_music_player","https://images.genius.com/7ca659cdd10e652e5b660373e2454454.300x300x1.jpg","https://genius.com/Dayglow-can-i-call-you-tonight-lyrics"
"Jeremy Zucker","you were good to me","https://genius.com/songs/4480219/apple_music_player","https://images.genius.com/b31c0c9bbbcabbaa3f2857f6b10dfc7a.300x300x1.jpg","https://genius.com/Jeremy-zucker-and-chelsea-cutler-you-were-good-to-me-lyrics"
"Post Malone","Goodbyes (feat. Young Thug)","https://genius.com/songs/4854269/apple_music_player","https://images.genius.com/1c4dc36b445ada1f0bac6f8caddb4d65.300x300x1.jpg","https://genius.com/Genius-deutsche-ubersetzungen-post-malone-goodbyes-feat-young-thug-deutsche-ubersetzung-lyrics"
"Lewis Capaldi","Hold Me While You Wait","https://genius.com/songs/4515593/apple_music_player","https://images.genius.com/f8b67ede9e858b27926c884c48807a33.300x300x1.png","https://genius.com/Lewis-capaldi-hold-me-while-you-wait-lyrics"
"Jaymes Young","Happiest Year","https://genius.com/songs/4687472/apple_music_player","https://images.genius.com/e8f6256164c5a84c3abbeccc1f774887.300x300x1.jpg","https://genius.com/Jaymes-young-happiest-year-lyrics"
"Harry Styles","Lights Up","https://genius.com/songs/4935579/apple_music_player","https://images.genius.com/aac433e996108a5b6972665aaeffc033.300x173x1.jpg","https://genius.com/Harry-styles-lights-up-lyrics"
"PUBLIC","Make You Mine","https://genius.com/songs/2225206/apple_music_player","https://images.genius.com/c1c3b4ce45cfc259516a8debfd06d7bf.300x300x1.jpg","https://genius.com/Public-make-you-mine-lyrics"
"Sam Smith","How Do You Sleep?","https://genius.com/songs/4690095/apple_music_player","https://images.genius.com/eb270b76c7969f196ceaab008f9114fc.300x300x1.jpg","https://genius.com/Sam-smith-how-do-you-sleep-lyrics"
"Harry Styles","Watermelon Sugar","https://genius.com/songs/5007939/apple_music_player","https://images.genius.com/55a8f43c165fe3dd6db98f8e0a28cf3e.300x300x1.png","https://genius.com/Harry-styles-watermelon-sugar-lyrics"
"Morgan Wallen","7 Summers","https://genius.com/songs/5792117/apple_music_player","https://images.genius.com/32fe86a3340be43de4ddc32e4614ca4f.300x300x1.png","https://genius.com/Morgan-wallen-7-summers-lyrics"
"Juice WRLD","Conversations","https://genius.com/songs/4857250/apple_music_player","https://images.genius.com/8830989510e788cf0c95721ec7706871.300x300x1.png","https://genius.com/Juice-wrld-conversations-lyrics"
"Ariana Grande","obvious","https://genius.com/songs/6094317/apple_music_player","https://images.genius.com/303a0903cbd05c2461b964ba579af79c.300x169x1.jpg","https://genius.com/Ariana-grande-obvious-lyrics"
"Machine Gun Kelly","forget me too (feat. Halsey)","https://genius.com/songs/5999204/apple_music_player","https://images.genius.com/ff3ab7eba7a097fb268ba76fff91391e.300x300x1.jpg","https://genius.com/Genius-farsi-translations-machine-gun-kelly-forget-me-too-ft-halsey-lyrics"
"Saweetie","Tap In","https://genius.com/songs/5611726/apple_music_player","https://images.genius.com/7395fbeac19b3b95aca433ef6d61b556.300x300x1.jpg","https://genius.com/Saweetie-tap-in-lyrics"
"$uicideBoy$","...And To Those I Love, Thanks For Sticking Around","https://genius.com/songs/5254574/apple_music_player","https://images.genius.com/e04d56aa9a620f2b3e2a9eb3bc4becbc.300x300x1.png","https://genius.com/Uicideboy-and-to-those-i-love-thanks-for-sticking-around-lyrics"
"Imagine Dragons","Bad Liar","https://genius.com/songs/4033354/apple_music_player","https://images.genius.com/b22b8fb52555d0c66901579a5a0195c3.300x300x1.png","https://genius.com/Imagine-dragons-bad-liar-lyrics"
"Natalie Taylor","Surrender","https://genius.com/songs/2428073/apple_music_player","https://images.genius.com/baae23bcfe16edc47db0c4d78d4d4403.300x300x1.jpg","https://genius.com/Natalie-taylor-surrender-lyrics"
"Shawn Mendes","Señorita","https://genius.com/songs/4641031/apple_music_player","https://images.genius.com/655c46217befaa4713f833a1749db575.300x300x1.jpg","https://genius.com/Shawn-mendes-and-camila-cabello-senorita-lyrics"
"Dímelo Flow","Sigues Con El","https://genius.com/songs/4979092/apple_music_player","https://images.genius.com/ad468f2da9a303daaafd0e43369a30ad.300x300x1.jpg","https://genius.com/Arcangel-dimelo-flow-and-sech-sigues-con-el-lyrics"
"Jonas Brothers","What A Man Gotta Do","https://genius.com/songs/5171079/apple_music_player","https://images.genius.com/9cab45b8e5368718c4bd57b9f8d922ce.300x300x1.jpg","https://genius.com/Jonas-brothers-what-a-man-gotta-do-lyrics"
"Khalid","Know Your Worth","https://genius.com/songs/5899596/apple_music_player","https://images.genius.com/e394b66df4eb877216f534f1a149e05a.275x275x1.jpg","https://genius.com/Genius-traducciones-al-espanol-disclosure-and-khalid-know-your-worth-traduccion-al-espanol-lyrics"
"Lauv","Fake","https://genius.com/songs/6049162/apple_music_player","https://images.genius.com/fb41157ffea374bca7afd80a9d9c7c8f.300x300x1.png","https://genius.com/Lauv-and-conan-gray-fake-lyrics"
"YOASOBI","夜に駆ける","https://genius.com/songs/5638888/apple_music_player","https://images.genius.com/a8124b2c6e6245702850c18fc787c4cb.300x300x1.jpg","https://genius.com/Yoasobi-yoru-ni-kakeru-lyrics"
"MEDUZA","Piece Of Your Heart","https://genius.com/songs/4277950/apple_music_player","https://images.genius.com/ebbca8d398fad8a90f7baba66dcd7d10.300x300x1.jpg","https://genius.com/Meduza-piece-of-your-heart-lyrics"
"Kygo","Lose Somebody","https://genius.com/songs/5557711/apple_music_player","https://images.genius.com/7d8c0f1bb5ab594f3e733c148f0431ef.300x300x1.jpg","https://genius.com/Kygo-and-onerepublic-lose-somebody-lyrics"
"BTS","ON","https://genius.com/songs/5267844/apple_music_player","https://images.genius.com/d8c70524f4afd9d9f1a4a84602b7b0fd.300x300x1.jpg","https://genius.com/Genius-english-translations-bts-on-english-translation-lyrics"
"ZAYN","Better","https://genius.com/songs/5989427/apple_music_player","https://images.genius.com/1d70666f8d02ed3036d737a2b0cdaacc.300x169x1.jpg","https://genius.com/Zayn-better-lyrics"
"Bad Bunny","A Tu Merced","https://genius.com/songs/5305010/apple_music_player","https://images.genius.com/aa1c8b77f382d4d32ad97002ab823680.300x300x1.png","https://genius.com/Bad-bunny-a-tu-merced-lyrics"
"Rauw Alejandro","El Efecto - Remix","https://genius.com/songs/4135434/apple_music_player","https://images.genius.com/9582d75eb23321a316232dded0eccca8.300x300x1.png","https://genius.com/Genius-en-espanol-sencillos-del-mes-de-diciembre-2019-annotated"
"Nio Garcia","La Jeepeta - Remix","https://genius.com/songs/5295678/apple_music_player","https://images.genius.com/adda70dff976240480fc30a420db1f0f.300x300x1.jpg","https://genius.com/Nio-garcia-anuel-aa-and-myke-towers-la-jeepeta-remix-lyrics"
"Little Mix","Sweet Melody","https://genius.com/songs/6074852/apple_music_player","https://images.genius.com/e5c9c0c4fe6b9d8639c907dcf7c8e1ac.300x300x1.jpg","https://genius.com/Little-mix-sweet-melody-lyrics"
"Myke Towers","Diosa","https://genius.com/songs/5199819/apple_music_player","https://images.genius.com/df2d4374cd0e32c8567064beb0719bcc.300x300x1.jpg","https://genius.com/Myke-towers-diosa-lyrics"
"Kygo","What's Love Got to Do with It","https://genius.com/songs/5763517/apple_music_player","https://images.genius.com/27627004bea4a0a7b0d9f02e26614300.300x300x1.jpg","https://genius.com/Kygo-and-tina-turner-whats-love-got-to-do-with-it-lyrics"
"Ozuna","Caramelo - Remix","https://genius.com/songs/5797177/apple_music_player","https://assets.genius.com/images/default_cover_image.png?1608585704","https://genius.com/Eduardo-luzquinos-fedu-dj-ozuna-caramelo-remix-lyrics"
"Reik","Si Me Dices Que Sí","https://genius.com/songs/5259033/apple_music_player","https://images.genius.com/f2de4d1015dd88e2f07b0fc1e8616930.300x300x1.jpg","https://genius.com/Reik-farruko-and-camilo-si-me-dices-que-si-lyrics"
"Dean Martin","Let It Snow! Let It Snow! Let It Snow!","https://genius.com/songs/1422051/apple_music_player","https://images.genius.com/0ea5951c58f27c95530af2f3b3c32120.300x301x1.jpg","https://genius.com/Dean-martin-let-it-snow-let-it-snow-let-it-snow-lyrics"
"Journey","Don't Stop Believin'","https://genius.com/songs/54447/apple_music_player","https://images.genius.com/5732a10130d13da8672f8d4fba7472c6.300x300x1.jpg","https://genius.com/Journey-dont-stop-believin-lyrics"
"The Cranberries","Zombie","https://genius.com/songs/103212/apple_music_player","https://images.genius.com/5ace7edc9cde6bef8d14edd875f20aea.300x145x1.png","https://genius.com/The-cranberries-zombie-lyrics"
"The Fray","How to Save a Life","https://genius.com/songs/65651/apple_music_player","https://images.genius.com/b441cae60d1bbadc6b125f6c118c02ca.300x300x1.jpg","https://genius.com/The-fray-how-to-save-a-life-lyrics"
"Gorillaz","Feel Good Inc.","https://genius.com/songs/21569/apple_music_player","https://images.genius.com/0ee38246c83b8c51caddb463963251df.300x300x1.jpg","https://genius.com/Gorillaz-feel-good-inc-lyrics"
"Kanye West","Stronger","https://genius.com/songs/525/apple_music_player","https://images.genius.com/680d4985b1fccdf554ab887abb63a453.300x300x1.jpg","https://genius.com/Kanye-west-stronger-lyrics"
"Rihanna","Umbrella","https://genius.com/songs/1629/apple_music_player","https://images.genius.com/dabed3ab4ac63f01b11ce21e95e5c5db.300x297x1.jpg","https://genius.com/Rihanna-umbrella-lyrics"
"Bruno Mars","Just the Way You Are","https://genius.com/songs/724006/apple_music_player","https://images.genius.com/bc4526407b4d37497f8a15c74500ae50.300x300x1.jpg","https://genius.com/Bruno-mars-just-the-way-you-are-lyrics"
"Justin Bieber","Mistletoe","https://genius.com/songs/184884/apple_music_player","https://images.genius.com/3be86efa2bc1c5bdbadb86ae5cd39b1a.300x300x1.jpg","https://genius.com/Justin-bieber-mistletoe-lyrics"
"Christina Perri","A Thousand Years","https://genius.com/songs/98919/apple_music_player","https://images.genius.com/1e88aa8b519c7e1138d4cdbe57707f61.300x300x1.jpg","https://genius.com/Christina-perri-a-thousand-years-lyrics"
"MKTO","Classic","https://genius.com/songs/181634/apple_music_player","https://images.rapgenius.com/ed12162fe514a8bee5dd348436375547.300x300x1.png","https://genius.com/Mkto-classic-lyrics"
"P!nk","Just Give Me a Reason (feat. Nate Ruess)","https://genius.com/songs/108589/apple_music_player","https://images.genius.com/5dc3f569858a4af5fa5415ca53eaf80b.300x300x1.jpg","https://genius.com/P-nk-just-give-me-a-reason-lyrics"
"Justin Timberlake","Mirrors","https://genius.com/songs/115743/apple_music_player","https://images.genius.com/ca3c8ee7f6ec373b9efc836b13bd222f.300x300x1.jpg","https://genius.com/Justin-timberlake-mirrors-lyrics"
"One Direction","18","https://genius.com/songs/572269/apple_music_player","https://images.genius.com/82a7ea94a3fe223d3d29d5e3fc2c49a1.300x300x1.jpg","https://genius.com/One-direction-18-lyrics"
"Becky G","Shower","https://genius.com/songs/411878/apple_music_player","https://images.genius.com/b604ae675b3f4f85da80a70e0ecc678a.300x300x1.jpg","https://genius.com/Becky-g-shower-lyrics"
"Aaron Smith","Dancin (feat. Luvli) - Krono Remix","https://genius.com/songs/394265/apple_music_player","https://images.genius.com/5da145b1f50d9576c9c1c519b3fac394.260x146x1.jpg","https://genius.com/Aaron-smith-dancin-krono-remix-lyrics"
"Twenty One Pilots","Ride","https://genius.com/songs/3042767/apple_music_player","https://assets.genius.com/images/default_cover_image.png?1608585704","https://genius.com/Formerly-vinylzombie-mcr-playlist-my-kind-of-pop-annotated"
"One Direction","Drag Me Down","https://genius.com/songs/2268553/apple_music_player","https://images.rapgenius.com/d8763539b48cfba9fc8d73e9c54f8e31.300x213x1.jpg","https://genius.com/One-direction-drag-me-down-lyrics"
"Bruno Mars","That's What I Like","https://genius.com/songs/2909160/apple_music_player","https://images.genius.com/efeed353f6f7a3af60de93546a5a6b0d.300x300x1.png","https://genius.com/Bruno-mars-thats-what-i-like-lyrics"
"gnash","i hate u, i love u (feat. olivia o'brien)","https://genius.com/songs/2986095/apple_music_player","https://images.genius.com/ff7f5a705d5d8e01ec66dc08e73366e6.300x300x1.jpg","https://genius.com/Nouse-gnash-i-hate-u-i-love-u-feat-olivia-obrien-nouse-remix-lyrics"
"Twenty One Pilots","Heathens","https://genius.com/songs/3042767/apple_music_player","https://assets.genius.com/images/default_cover_image.png?1608585704","https://genius.com/Formerly-vinylzombie-mcr-playlist-my-kind-of-pop-annotated"
"Drake","One Dance","https://genius.com/songs/2450584/apple_music_player","https://images.rapgenius.com/c16287e16fcdaf2b2d9bec0b5634641f.300x300x1.jpg","https://genius.com/Drake-one-dance-lyrics"
"Hippie Sabotage","Devil Eyes","https://genius.com/songs/2825063/apple_music_player","https://images.genius.com/683d2a992685823329424dac44c1270f.300x300x1.jpg","https://genius.com/Hippie-sabotage-devil-eyes-lyrics"
"DJ Snake","Let Me Love You","https://genius.com/songs/2819412/apple_music_player","https://images.genius.com/bd34bfcd700b397b51125b734b2b105f.300x300x1.jpg","https://genius.com/Dj-snake-let-me-love-you-lyrics"
"Frank Ocean","Chanel","https://genius.com/songs/3019198/apple_music_player","https://images.genius.com/b996e124dfe8fc385a9261f2c084c22b.300x188x1.png","https://genius.com/Frank-ocean-chanel-lyrics"
"Offset","Ric Flair Drip (& Metro Boomin)","https://genius.com/songs/3296796/apple_music_player","https://images.genius.com/09d7377ef1168684aa765d5b0ae4e84d.300x300x1.png","https://genius.com/Offset-and-metro-boomin-ric-flair-drip-lyrics"
"Khalid","Young Dumb & Broke","https://genius.com/songs/2988428/apple_music_player","https://images.genius.com/b72ffa400a4c1fe6ce65cae15548217f.300x300x1.png","https://genius.com/Khalid-young-dumb-and-broke-lyrics"
"Billie Eilish","idontwannabeyouanymore","https://genius.com/songs/3143252/apple_music_player","https://images.genius.com/f8060b167e7c071e6d56d6e99eae89c4.300x300x1.jpg","https://genius.com/Billie-eilish-idontwannabeyouanymore-lyrics"
"Imagine Dragons","Whatever It Takes","https://genius.com/songs/3080781/apple_music_player","https://images.genius.com/86e0d33ebe09cafa4e686ad0f38dc3df.300x300x1.jpg","https://genius.com/Imagine-dragons-whatever-it-takes-lyrics"
"Shawn Mendes","There's Nothing Holdin' Me Back","https://genius.com/songs/3051803/apple_music_player","https://images.genius.com/2ef6100ef6f4657cc6ea6af8fca1590e.300x300x1.jpg","https://genius.com/Shawn-mendes-theres-nothing-holdin-me-back-lyrics"
"Morgan Wallen","Whiskey Glasses","https://genius.com/songs/3552608/apple_music_player","https://images.genius.com/489064e1c395bbd7342ba5fc726e8b46.300x300x1.jpg","https://genius.com/Morgan-wallen-whiskey-glasses-lyrics"
"Luke Combs","Beautiful Crazy","https://genius.com/songs/3695544/apple_music_player","https://images.genius.com/8e8e679f21dcc08be0203fcd5c4a8800.300x300x1.jpg","https://genius.com/Luke-combs-beautiful-crazy-lyrics"
"Juice WRLD","Lean Wit Me","https://genius.com/songs/3735927/apple_music_player","https://images.genius.com/93057f95eeefa88c23cc0186cabca020.300x300x1.jpg","https://genius.com/Juice-wrld-lean-wit-me-lyrics"
"Juice WRLD","Legends","https://genius.com/songs/3791143/apple_music_player","https://images.genius.com/ad848540ef1941dadf5c221ff887f397.300x300x1.jpg","https://genius.com/Juice-wrld-legends-lyrics"
"MGMT","Little Dark Age","https://genius.com/songs/3080835/apple_music_player","https://images.genius.com/4eebd3318d0f8c356e24e1313bf454ec.300x300x1.jpg","https://genius.com/Mgmt-little-dark-age-lyrics"
"Joji","YEAH RIGHT","https://genius.com/songs/3672034/apple_music_player","https://images.genius.com/4ec497f1637a4466a61c678c499a3c88.300x300x1.jpg","https://genius.com/Joji-yeah-right-lyrics"
"Ariana Grande","no tears left to cry","https://genius.com/songs/3649172/apple_music_player","https://images.genius.com/9ea6c6b588afc1035ecb398f4b3291a6.300x300x1.jpg","https://genius.com/Ariana-grande-no-tears-left-to-cry-lyrics"
"Ariana Grande","God is a woman","https://genius.com/songs/3681280/apple_music_player","https://images.genius.com/eb13e9b4b0245f92c2b55ab56639dfdc.300x300x1.png","https://genius.com/Ariana-grande-god-is-a-woman-lyrics"
"Imagine Dragons","Natural","https://genius.com/songs/3833988/apple_music_player","https://images.genius.com/10acb196a240ef1d986b8ab286ff26e8.300x300x1.png","https://genius.com/Imagine-dragons-natural-lyrics"
"Charlie Puth","Attention","https://genius.com/songs/3060662/apple_music_player","https://images.genius.com/afc1017173083e961cd19cfcf12d5df9.300x300x1.png","https://genius.com/Charlie-puth-attention-lyrics"
"Marshmello","FRIENDS","https://genius.com/songs/4077089/apple_music_player","https://images.genius.com/e633617582174697e2722b88460d0fca.300x300x1.jpg","https://genius.com/Marshmello-friends-happier-lyrics"
"Juice WRLD","Empty","https://genius.com/songs/4106642/apple_music_player","https://images.genius.com/2b1cf678ce9bf13035f4fba66ec4b326.300x300x1.png","https://genius.com/Juice-wrld-empty-lyrics"
"Tyler, The Creator","EARFQUAKE","https://genius.com/songs/4535557/apple_music_player","https://images.genius.com/eb0a3554c7cfa8134b45cdc4d8120161.300x169x1.jpg","https://genius.com/Tyler-the-creator-earfquake-lyrics"
"BROCKHAMPTON","SUGAR","https://genius.com/songs/4645514/apple_music_player","https://images.genius.com/2fdd0eeccc6637359465b84e1e5fabda.300x300x1.png","https://genius.com/Brockhampton-sugar-lyrics"
"MarMar Oso","Ruthless (Nice Guys Always Finish Last)","https://genius.com/songs/5959135/apple_music_player","https://images.genius.com/496a622142f39d69d42260082cad0cab.300x299x1.jpg","https://genius.com/Marmar-oso-ruthless-nice-guys-always-finish-last-remix-lyrics"
"Doja Cat","Like That (feat. Gucci Mane)","https://genius.com/songs/5314978/apple_music_player","https://images.genius.com/cad62898ce0a11fbf3467a71d87ba94b.300x300x1.png","https://genius.com/Genius-traductions-francaises-doja-cat-like-that-ft-gucci-mane-traduction-francaise-lyrics"
"24kGoldn","CITY OF ANGELS","https://genius.com/songs/5028684/apple_music_player","https://images.genius.com/924b494d7ea32ee03e4a815caea4be65.300x300x1.png","https://genius.com/24kgoldn-city-of-angels-lyrics"
"Ashe","Moral of the Story","https://genius.com/songs/4306939/apple_music_player","https://images.genius.com/532a135331e0c4ba552616f88f260b33.300x300x1.png","https://genius.com/Ashe-moral-of-the-story-lyrics"
"The Chainsmokers","Call You Mine","https://genius.com/songs/4729453/apple_music_player","https://images.genius.com/74a49bcff6692918f703c8632430fa11.300x111x1.jpg","https://genius.com/Genius-traductions-francaises-the-chainsmokers-call-you-mine-ft-bebe-rexha-traduction-francaise-lyrics"
"Bazzi","I.F.L.Y.","https://genius.com/songs/4707285/apple_music_player","https://images.genius.com/35891f8f790bef187d03e40192865f84.300x300x1.jpg","https://genius.com/Bazzi-ifly-lyrics"
"Billie Eilish","you should see me in a crown","https://genius.com/songs/3844633/apple_music_player","https://images.genius.com/e50e95a1286ecc3423e5173836ba6985.300x300x1.jpg","https://genius.com/Billie-eilish-you-should-see-me-in-a-crown-lyrics"
"Billie Eilish","bury a friend","https://genius.com/songs/4266880/apple_music_player","https://images.genius.com/340ad5b2b1163aa2333a8efc0815b84f.300x300x1.jpg","https://genius.com/Billie-eilish-bury-a-friend-lyrics"
